ACH-A	1 E 1 M (10)			1 AMS	1 E 1 M (10)		6			XL 240	2 0 2	110° / 30° 30° / 30°	2,785 6,957,336
ACH-B	2 E				1 B 1 E		6			XL 240	3 1 0	110° / 30° 30° / 30°	2,770 6,920,636
ACH-C	2 E	2 E		1 E	2 E		6			XL 240	7 0 0	110° / 30° 30° / 30°	3,050 7,617,336
ACH-E	3 B	2 E		1 E	3 B		6			XL 240	3 6 0	110° / 30° 30° / 30°	n/a
ACH-PRIME	1 E 1 M (10)	1 ECM 1 E		1 E	1 E 1 M (10)		6			XL 240	4 0 2	110° / 30° 30° / 30°	3,095 7,737,456
ACH-PRIME(C) Champion	2 E	1 ECM 1 E		1 E	2 E		6			XL 240	6 0 0	110° / 30° 30° / 30°	3,870
ACW-1	2 M (10x2)	1 AMS 2 M (10x2)	1 M (10)	2 M (10x2)	2 M (10x2)					100 - 365 XL 280	0 0 9	130° / 30° 25° / 30°	n/a
ACW-2	1 M (10)	1 AMS 2 E	2 M (10x2)	2 M (10x2)	1 M (10)					100 - 365 XL 280	2 0 6	130° / 30° 25° / 30°	n/a
ACW-A	1 E 1 M (10)	1 AMS 1 M (10)		1 ECM 1 M (10)	1 E 1 M (10)					XL 240	2 0 4	130° / 30° 25° / 30°	n/a
ACW-P	2 E	2 M (10x2)		2 E	2 E					XL 240	6 0 2	130° / 30° 25° / 30°	n/a
ACW-PRIME	1 M (10)	1 M (10)		1 M (10)	1 M (10)					XL 240	0 0 4	130° / 30° 25° / 30°	n/a
ADR-A	1 M (20)	1 E	1 E	1 E	1 M (20)					XL 210	3 0 2	120° / 40° 20° / 30°	2,775 6,937,211
ADR-B	1 B	1 E	1 E	1 E	1 E					XL 210	4 1 0	120° / 40° 20° / 30°	2,780 6,938,004
ADR-D	1 E	1 M (20)	1 E	1 M (20)	1 B					XL 210	2 1 2	120° / 40° 20° / 30°	2,695 6,729,971
ADR-PRIME	1 E		1 E	1 AMS	1 E					XL 210	3 0 0	120° / 40° 20° / 30°	2,810 7,024,974
ADR-PRIME(C) Champion	1 E	1 E	1 E	1 E	1 E					XL 210	5 0 0	120° / 40° 20° / 30°	n/a
ALPHA Hero	2 B	2 M (20x2)	1 AMS	2 E	2 B		3			200 - 360 XL 300	2 4 2	70° / 20° 20° / 30°	n/a
ANANSI Hero	1 B 1 E	1 AMS	1 M (6)	1 AMS	1 B 1 E		6			100 - 270 XL 240	2 2 1	110° / 40° 20° / 30°	2,250
ANH-1A	1 B 1 E	2 B	2 E	1 AMS 1 B	1 B 2 E					200 - 300 STD 200	5 5 0	90° / 40° 20° / 25°	n/a
ANH-1E	3 E		2 E	1 AMS	3 E	1 AMS				200 - 300 STD 200	8 0 0	90° / 40° 20° / 25°	n/a
ANH-1P	2 B	2 E	2 E	1 AMS 2 E	2 B					200 - 300 STD 300	6 4 0	90° / 0° 20° / 25°	n/a
ANH-1X	1 B 2 E	1 B	2 E	1 AMS 1 B	1 B 2 E	1 E				200 - 300 STD 200	7 4 0	90° / 40° 20° / 25°	n/a
ANH-2A	1 B 1 E	2 B	2 E	1 AMS 2 B	1 B 1 E					200 - 300 STD 200	4 6 0	90° / 40° 20° / 25°	n/a
ARC-2R	2 E	2 M (20x2)	2 E	1 AMS 1 M (20)	2 E					140 - 340 STD 280	6 0 3	110° / 20° 25° / 30°	2,505 6,261,235
ARC-5S	1 E 1 M (20)	2 M (20x2)	2 E	1 AMS 1 M (20)	1 E 1 M (20)					140 - 340 XL 280	4 0 5	120° / 20° 25° / 30°	3,825 9,551,235
ARC-5W	2 M (20x2)	2 M (20x2)	1 M (10)	1 AMS 2 M (20x2)	2 M (20x2)					140 - 340 XL 280	0 0 9	100° / 20° 25° / 30°	3,805 9,503,235
ARES Hero	2 E	1 AMS		2 M (20, 10)	2 E		7			110 - 360 STD 275	4 0 2	130° / 35° 25° / 30°	n/a
ARROW Hero	3 B	1 AMS 1 E	1 E	1 E	3 B		4			100 - 235 STD 235	3 6 0	90° / 0° 30° / 30°	3,375
AS7-D	1 AMS 1 E	2 M (10, 6)	2 E	2 B	1 E					200 - 360 STD 300	4 2 2	90° / 40° 16° / 30°	3,875 9,676,072
AS7-D-DC	1 AMS 1 E	1 ECM 3 M (10, 6x2)		2 B	1 E					200 - 360 STD 300	2 2 3	90° / 40° 16° / 30°	4,195 10,486,012
AS7-K	1 AMS 1 E	1 M (10)	2 E	1 B	1 AMS 1 E					200 - 360 XL 300	4 1 1	90° / 40° 16° / 30°	5,480 13,691,066
AS7-RS	1 AMS 2 E	2 M (10, 6)		1 B	2 E					200 - 360 STD 300	4 1 2	90° / 40° 16° / 30°	3,745 9,358,066
AS7-RS(C) Champion	1 AMS 2 E	2 M (10, 6)		1 B	2 E					200 - 360 STD 350	4 1 2	90° / 40° 16° / 30°	4,685
AS7-S	1 AMS 1 E	4 M (10, 6x3)	2 E	1 B	1 E					200 - 360 STD 300	4 1 4	85° / 35° 16° / 30°	3,930 9,820,075
ASN-101		1 E 1 M (10)	1 AMS	1 E 1 M (10)	1 E	1 E	5			100 - 380 STD 280	4 0 2	130° / 30° 30° / 30°	n/a
ASN-101(C) Champion		1 E 1 M (10)	1 AMS	1 E 1 M (10)	1 E	1 E	5			100 - 380 XL 280	4 0 2	130° / 30° 30° / 30°	n/a
ASN-21		2 M (10x2)	1 AMS	2 M (10x2)	2 E		7			100 - 365 STD 280	2 0 4	130° / 30° 30° / 30°	n/a
ASN-23			1 AMS	3 M (10x3)	3 E		7			100 - 365 STD 280	3 0 3	130° / 30° 30° / 30°	n/a
ASN-26		2 E	1 AMS	2 B	2 E		7			100 - 365 XL 280	4 2 0	130° / 30° 30° / 30°	n/a
ASN-27		1 ECM 1 M (10)	1 AMS	1 M (10)	2 E	1 E	7			100 - 365 XL 280	3 0 2	130° / 30° 30° / 30°	n/a
AWS-8Q		2 E		1 AMS 2 E	2 E	1 E				160 - 300 STD 240	7 0 0	100° / 40° 20° / 30°	2,710 6,764,270
AWS-8R		2 M (20x2)		1 AMS 2 M (20x2)	2 E	1 E				160 - 300 STD 240	3 0 4	100° / 40° 20° / 30°	2,610 6,524,390
AWS-8T	2 E	1 M (20)		1 AMS 1 M (20)	2 E	1 E				160 - 300 STD 240	5 0 2	100° / 40° 20° / 30°	2,685 6,704,390
AWS-8V		2 E		1 AMS 3 M (20x2, 15)	1 E	1 E				160 - 300 STD 240	4 0 3	100° / 40° 20° / 30°	2,630 6,574,390
AWS-9M	1 M (20)	1 E	2 E 2 M (10, 5)	1 AMS 1 E	1 E	1 E				160 - 385 XL 320	6 0 3	100° / 40° 20° / 30°	4,615 11,534,852
AWS-9M(C) Champion	1 M (20)	1 E	2 E 2 M (10, 5)	1 AMS 1 E	1 E	1 E				160 - 385 STD 315	6 0 3	100° / 40° 20° / 30°	5,715
BANDIT Hero	2 E	1 B		1 B	2 E					XL 300	4 2 0	95° / 30° 20° / 30°	n/a
BAS-A	2 E		1 ECM		2 E					XL 360	4 0 0	80° / 20° 20° / 20°	n/a
BAS-B	1 M (20)	4 E	1 ECM	1 B	1 M (20)					XL 360	4 1 2	80° / 20° 20° / 20°	n/a
BAS-C	1 B	1 B		1 B	1 E					XL 360	1 3 0	80° / 20° 20° / 20°	n/a
BAS-D	2 E	1 B		3 B	2 E					XL 360	4 4 0	80° / 20° 20° / 20°	n/a
BAS-PRIME	3 E	1 B	1 M (15)	1 AMS 1 B	3 E					XL 360	6 2 1	80° / 20° 20° / 20°	n/a
BELIAL Hero	2 E	1 M (20)		1 AMS 1 M (20)	2 E		6			100 - 390 XL 300	4 0 2	125° / 40° 35° / 35°	n/a
BELLONARIUS Hero	3 B	1 E 1 M (20)		1 M (20)	3 B	1 E				XL 385	2 6 2	125° / 0° 25° / 30°	n/a
BJ-1	1 B 1 E	1 AMS 1 E		1 E	1 B 1 E		4			100 - 235 STD 180	4 2 0	110° / 0° 30° / 30°	1,355 3,385,436
BJ-1(C) Champion	1 B 1 E	1 AMS 1 E		1 E	1 B 1 E		4			100 - 235 XL 235	4 2 0	110° / 0° 30° / 30°	1,695
BJ-1DC	1 B 1 E	1 AMS 2 E		2 E	1 B 1 E					100 - 235 STD 180	6 2 0	90° / 0° 30° / 30°	1,255 3,130,436
BJ-1X	3 E	1 AMS 1 E		1 E	3 E					100 - 295 STD 225	8 0 0	80° / 0° 30° / 30°	1,260 3,144,528
BJ-2	1 E	1 AMS 2 M (20x2)		2 M (20x2)	1 E		4			100 - 235 STD 180	2 0 4	110° / 0° 30° / 30°	n/a
BJ-2(L) Special	1 E	1 AMS 2 M (20x2)		2 M (20x2)	1 E		4			100 - 235 STD 180	2 0 4	110° / 0° 30° / 30°	n/a
BJ-3	2 E	1 AMS 1 E		1 E	2 E		4			100 - 235 STD 180	6 0 0	110° / 0° 30° / 30°	1,605 4,000,461
BKL-A	2 E	1 E		1 AMS	1 E	1 ECM				XL 385	4 0 0	125° / 0° 25° / 30°	n/a
BKL-C	6 E				1 M (20)					XL 385	6 0 1	125° / 0° 25° / 30°	n/a
BKL-D	2 B 2 E	1 E 1 M (20)		1 M (20)	2 B 2 E					XL 385	5 4 2	125° / 0° 25° / 30°	n/a
BKL-E	1 M (20)				3 E					XL 385	3 0 1	125° / 0° 25° / 30°	n/a
BKL-PRIME	2 E	1 M (20)		1 M (20)	1 E	1 ECM				XL 385	3 0 2	125° / 0° 25° / 30°	n/a
BL-6-KNT	1 E	1 AMS 2 E		1 AMS 2 E	2 E	1 E				150 - 360 STD 300	8 0 0	110° / 20° 20° / 25°	2,780 6,949,667
BL-6B-KNT	2 E	1 AMS 2 E		2 E	2 E	1 E				150 - 360 STD 300	9 0 0	110° / 10° 20° / 25°	2,995 7,481,667
BL-7-KNT	1 E	1 AMS 2 E		3 E	2 E	1 E				150 - 360 STD 300	9 0 0	110° / 10° 20° / 25°	2,615 6,529,635
BL-7-KNT-L	1 E	1 AMS 2 E		2 E	2 E	1 E				150 - 385 STD 300	8 0 0	110° / 10° 20° / 25°	2,540 6,337,635
BLACK WIDOW Hero	1 E	2 B 1 E	1 AMS	2 B 1 E 1 M (20)	1 E					140 - 340 XL 280	4 4 1	110° / 25° 25° / 25°	5,250
BLOOD ADDER Hero	1 M (20)	1 B		1 B	1 M (20)	1 AMS				XL 175	0 2 2	120° / 40° 20° / 30°	n/a
BLOOD KIT Hero	2 E	1 AMS 1 B	1 M (10)	1 B	2 E		4			100 - 365 XL 280	4 2 1	130° / 30° 25° / 30°	n/a
BLOODLUST Hero	2 B	1 M (20)	1 AMS 1 M (10)	1 M (20)	1 B 1 E	1 M (5)	6			100 - 315 XL 240	1 3 4	130° / 45° 30° / 45°	n/a
BLR-1D	3 B	2 E		1 AMS 2 E	1 E					170 - 400 STD 340	5 3 0	80° / 30° 20° / 30°	2,950 7,363,725
BLR-1G	2 B	3 E 1 M (10)		1 AMS 3 E	1 E					170 - 400 STD 340	7 2 1	60° / 30° 20° / 30°	3,085 7,703,709
BLR-1S	1 M (15)	2 E 2 M (10x2)		1 AMS 2 E	1 M (15)					170 - 400 STD 340	4 0 4	80° / 30° 20° / 30°	2,985 7,452,829
BLR-2C	1 AMS	3 E 2 M (10x2)		1 AMS 2 E	1 E					170 - 400 STD 340	6 0 2	80° / 30° 20° / 30°	3,720 9,292,709
BLR-2C(C) Champion	1 AMS	3 E 2 M (20x2)		1 AMS 2 E	1 E					170 - 400 STD 315	6 0 2	80° / 30° 20° / 30°	4,650
BLR-3M	1 B	3 E 1 M (10)		1 AMS 3 E	2 E					170 - 400 STD 340	8 1 1	60° / 30° 20° / 30°	3,275 8,177,709
BLR-3S		3 E 1 M (10)		1 AMS 3 E	1 M (15)					170 - 400 XL 340	6 0 2	80° / 30° 20° / 30°	4,705 11,760,821
BLUDGEON Hero	1 E	1 E	1 AMS	1 E 1 M (20)	1 E	1 E	4			160 - 385 STD 320	5 0 1	75° / 30° 20° / 30°	n/a
BNC-3E		4 B	1 AMS	3 E		1 E				190 - 400 STD 380	4 4 0	90° / 20° 20° / 30°	3,420 8,542,695
BNC-3M		3 E	1 AMS	4 E		1 E				190 - 400 STD 380	8 0 0	90° / 20° 20° / 30°	3,540 8,848,195
BNC-3M(C) Champion		3 E	1 AMS	4 E		1 E				190 - 400 STD 350	8 0 0	90° / 20° 20° / 30°	4,425
BNC-3S	1 E	1 B	1 AMS 1 E	5 E 1 M (20)		1 E				190 - 345 STD 285	8 1 1	90° / 20° 20° / 30°	3,630 9,067,028
BOAR'S HEAD Hero	1 AMS 3 E	1 M (10)		1 B	3 E					200 - 400 XL 400	6 1 1	85° / 35° 16° / 30°	7,500
BOILER Hero	1 B	3 M (20x3)	1 AMS	3 E	1 B		3			180 - 325 STD 270	3 2 3	85° / 20° 25° / 30°	n/a
BOUNTY HUNTER II Hero	3 E	1 AMS		1 B	3 E	1 E	4			150 - 300 XL 225	7 1 0	95° / 0° 20° / 40°	5,625
BREAKER Hero	2 M (20x2)	2 E		2 B	3 E		5			XL 250	5 2 2	100° / 35° 20° / 30°	n/a
BROADSIDE Hero	1 B	1 AMS 1 B	1 M (10)	1 AMS 1 E 1 M (20)	2 E	1 M (5)				200 - 345 XL 285	3 2 3	95° / 25° 20° / 25°	n/a
BSW-P1	2 M (20, 15)	2 M (20x2)	1 E	2 M (20x2)	1 B	1 AMS				200 - 360 XL 275	1 1 6	110° / 35° 30° / 30°	n/a
BSW-P2	1 M (20)	1 B 1 M (20)	2 E	1 B	2 E	1 AMS				200 - 360 XL 275	4 2 2	110° / 35° 30° / 30°	n/a
BSW-S2	2 M (20, 15)	1 AMS 2 M (20x2)	2 E		1 B	1 AMS				200 - 360 XL 275	2 1 4	110° / 35° 30° / 30°	n/a
BSW-S2(C) Champion	2 M (20, 15)	1 AMS 2 M (20x2)	2 E		1 B	1 AMS				200 - 360 STD 245	2 1 4	110° / 35° 30° / 30°	n/a
BSW-X1	2 M (20, 15)	1 B 1 M (20)	1 E	2 B	1 B	1 AMS				200 - 360 XL 275	1 4 3	110° / 35° 30° / 30°	n/a
BSW-X2	1 M (20)	1 B 2 M (20x2)	2 E	1 B	1 B	1 AMS				200 - 360 XL 275	2 3 3	110° / 35° 30° / 30°	n/a
BUTTERBEE Hero	2 M (20x2)	1 E	2 E	1 AMS 1 E	2 M (20x2)		4			130 - 315 STD 260	4 0 4	120° / 0° 16° / 35°	4,875
CDA-2A		2 E	2 E	1 AMS 2 E						100 - 340 STD 320	6 0 0	125° / 0° 30° / 30°	1,280 3,194,944
CDA-2A(C) Champion		2 E	2 E	1 AMS 2 E						100 - 340 XL 340	6 0 0	125° / 0° 30° / 30°	1,600
CDA-2B	2 E		1 E	1 AMS	2 E					100 - 340 STD 320	5 0 0	125° / 0° 30° / 30°	1,275 3,182,436
CDA-3C		2 B		1 AMS 2 B 1 E						100 - 340 STD 280	1 4 0	125° / 0° 30° / 30°	1,280 3,193,110
CDA-3F		2 E		1 AMS 2 E			8			100 - 340 XL 320	4 0 0	125° / 0° 30° / 30°	3,095 7,733,836
CDA-3F(L) Special		2 E		1 AMS 2 E			8			100 - 340 XL 320	4 0 0	125° / 0° 30° / 30°	n/a
CDA-3M		1 ECM 1 B 1 E	2 E	1 AMS 1 E						100 - 340 XL 320	4 1 0	125° / 0° 30° / 30°	2,840 7,097,444
CGR-1A1	1 E	2 E		2 E	1 AMS 1 E	1 E				200 - 400 STD 400	7 0 0	100° / 30° 25° / 30°	n/a
CGR-1A5		3 M (20x3)	1 E	2 B	1 AMS	1 E				200 - 385 STD 320	2 2 3	100° / 30° 25° / 30°	n/a
CGR-3K	1 E	1 E		1 E 2 M (20x2)	1 AMS 1 E		5			200 - 400 XL 400	4 0 2	100° / 30° 25° / 30°	n/a
CHERBI Hero	3 E	1 M (20)		1 M (20)	1 B		4			XL 380	3 1 2	80° / 30° 25° / 30°	n/a
CHIRONEX Hero	1 B 1 M (20)	1 E	1 AMS	1 E	1 B 1 M (20)	1 E	3			130 - 235 STD 195	3 2 2	100° / 0° 20° / 50°	n/a
CHP-1N	1 AMS	2 E 2 M (20x2)	2 E	2 B						120 - 360 STD 300	4 2 2	100° / 0° 20° / 35°	n/a
CHP-1N2	1 AMS	3 E 2 M (20x2)	2 E	1 B						120 - 360 STD 300	5 1 2	100° / 0° 20° / 35°	n/a
CHP-1NB	1 AMS	4 E		4 B						120 - 360 STD 300	4 4 0	100° / 0° 20° / 35°	n/a
CHP-2N	1 AMS	2 E 1 M (20)	2 E	3 B						120 - 360 STD 300	4 3 1	100° / 0° 20° / 35°	n/a
CHP-3N	1 AMS 1 E	2 E 1 M (20)	2 E	1 B	1 E					120 - 360 XL 300	6 1 1	100° / 0° 20° / 35°	n/a
CINDER Hero	1 E	1 B	1 E	1 B	1 E					XL 210	3 2 0	120° / 40° 20° / 30°	n/a
CIPHER Hero	1 E	1 AMS 3 B 3 E	1 E	3 B 3 E	1 E					100 - 180 XL 180	9 6 0	100° / 30° 20° / 30°	n/a
CN9-A		3 M (20x2, 15)	2 E	1 AMS	1 B					100 - 275 STD 200	2 1 3	100° / 35° 25° / 35°	1,480 3,697,080
CN9-A(C) Champion		3 M (20x2, 15)	2 E	1 AMS	1 B					100 - 275 STD 275	2 1 3	100° / 35° 25° / 35°	1,850
CN9-A(NCIX) Special		3 M (20x3)	2 E	1 AMS	1 B					100 - 275 STD 200	2 1 3	100° / 35° 25° / 35°	n/a
CN9-AH		3 M (20x2, 15)		1 AMS	3 B					100 - 275 STD 200	0 3 3	100° / 0° 25° / 35°	1,505 3,753,086
CN9-AL		2 M (20x2)	2 E	1 AMS	2 E					100 - 275 STD 200	4 0 2	100° / 35° 25° / 35°	1,425 3,552,238
CN9-D		2 M (20x2)	2 E	1 AMS	2 B					100 - 390 XL 300	2 2 2	90° / 35° 25° / 35°	3,265 8,158,590
COBRA CAT Hero	1 E 2 M (20, 15)	1 E		1 E	1 E 2 M (20, 15)					XL 280	4 0 4	100° / 20° 25° / 25°	n/a
COM-1B	1 E		1 M (10)	1 AMS	2 E					100 - 240 STD 150	3 0 1	90° / 40° 20° / 30°	680 1,694,542
COM-1D			2 M (10, 5)	1 AMS	2 E					100 - 240 STD 150	2 0 2	90° / 40° 20° / 30°	700 1,744,526
COM-1D(C) Champion			2 M (10, 5)	1 AMS	2 E					100 - 240 STD 200	2 0 2	90° / 40° 20° / 30°	885
COM-2D	1 E	1 ECM	1 M (10)	1 AMS	2 M (10x2)					100 - 210 STD 150	1 0 3	90° / 40° 20° / 30°	715 1,781,542
COM-3A	1 E		1 M (10)	1 AMS	1 E 1 M (10)					100 - 240 STD 150	2 0 2	90° / 40° 20° / 30°	720 1,799,526
COR-5R	1 E 1 M (20)	1 AMS 2 E	2 E	1 B 1 M (20)						200 - 345 STD 285	5 1 2	95° / 12.5° 20° / 25°	n/a
COR-5T	3 B	1 AMS 1 E	2 E	1 E	3 B					200 - 345 STD 285	4 6 0	95° / 25° 20° / 25°	n/a
COR-6R	1 E 1 M (20)	1 AMS 1 B 1 M (20)	1 E	1 B 1 M (20)	1 E					200 - 345 STD 285	3 2 3	95° / 12.5° 20° / 25°	n/a
COR-7A	1 AMS 2 B	1 AMS 2 E		1 AMS 1 B	1 AMS 2 E					200 - 345 STD 285	4 3 0	95° / 0° 20° / 25°	n/a
COR-7R	1 M (20)	1 AMS 1 M (20)	2 M (10, 5)	1 B	2 E	1 M (5)				200 - 345 STD 285	2 1 5	95° / 0° 20° / 25°	n/a
COU-C	1 B				4 E	1 E				XL 175	5 1 0	120° / 40° 20° / 30°	n/a
COU-D	1 E	1 M (20)		1 M (20)	1 B					XL 175	1 1 2	120° / 40° 20° / 30°	n/a
COU-E	1 M (20)	1 E		1 E	1 M (20)	1 E				XL 175	3 0 2	120° / 40° 20° / 30°	n/a
COU-H	1 B				3 E	1 ECM				XL 175	3 1 0	120° / 40° 20° / 30°	n/a
COU-PRIME	1 E	1 AMS 1 M (20)		1 M (20)	1 E					XL 175	2 0 2	120° / 40° 20° / 30°	n/a
CP-10-Q	1 E	1 AMS 3 M (20x2, 15)	1 M (10)	1 E 3 M (20x2, 15)	1 E					180 - 400 STD 360	3 0 7	80° / 20° 20° / 30°	3,255 8,123,100
CP-10-Z	3 E	1 AMS 1 M (20)	1 M (10)	1 B	3 E					180 - 400 STD 360	6 1 2	80° / 20° 20° / 30°	3,330 8,322,820
CP-11-A	1 E	1 AMS 2 M (20x2)	1 M (10)	3 B	2 E					180 - 400 STD 360	3 3 3	80° / 20° 20° / 30°	3,345 8,352,868
CP-11-A-DC	1 E	1 AMS 3 M (20x2, 15)	1 M (10)	1 AMS 2 B	1 E					180 - 400 STD 360	2 2 4	80° / 20° 20° / 30°	3,720 9,298,808
CP-11-P	2 E	1 ECM 1 AMS 1 M (20)	1 M (10)	2 B	2 E					180 - 400 STD 360	4 2 2	80° / 20° 20° / 30°	3,530 8,814,706
CPLT-A1	3 M (20, 10x2)			1 AMS	3 M (20, 10x2)		4			130 - 315 STD 260	0 0 6	120° / 0° 16° / 35°	2,230 5,564,279
CPLT-A1(C) Champion	3 M (20, 10x2)			1 AMS	3 M (20, 10x2)		4			130 - 315 XL 255	0 0 6	120° / 0° 16° / 35°	2,790
CPLT-C1	1 M (20)	1 E	2 E	1 AMS 1 E	1 M (20)		4			130 - 315 STD 260	4 0 2	120° / 0° 16° / 35°	2,325 5,804,127
CPLT-C4	2 M (20, 10)		2 E	1 AMS	2 M (20, 10)		4			130 - 315 STD 260	2 0 4	120° / 0° 16° / 35°	2,350 5,869,247
CPLT-K2	1 E	1 B 1 E		1 AMS 1 B 1 E	1 E					130 - 315 STD 260	4 2 0	110° / 0° 16° / 45°	2,125 5,304,023
CRB-20	1 E		2 E	1 AMS	1 E	1 E				100 - 350 STD 250	5 0 0	115° / 35° 25° / 30°	1,485 3,703,201
CRB-27	1 E	1 AMS	2 E	1 AMS	1 E	1 E				100 - 325 STD 250	5 0 0	115° / 35° 25° / 30°	1,520 3,792,733
CRB-27B	2 E		1 E	1 AMS	2 E	1 E				100 - 325 STD 250	6 0 0	115° / 35° 25° / 30°	1,700 4,240,733
CRB-27B(C) Champion	2 E		1 E	1 AMS	2 E	1 E				100 - 325 XL 280	6 0 0	115° / 35° 25° / 30°	2,125
CRB-27SL	1 E		2 E	1 AMS	1 E	1 E	5			100 - 325 XL 250	5 0 0	115° / 35° 25° / 30°	2,860 7,144,233
CTF-0XP	2 E	1 ECM 1 AMS		1 B	2 E					140 - 340 STD 280	4 1 0	90° / 20° 20° / 30°	2,585 6,458,479
CTF-1X	1 E	1 AMS 1 E		1 B 1 E	2 E					140 - 340 STD 280	5 1 0	90° / 20° 20° / 30°	2,385 5,950,963
CTF-2X	2 M (6x2)	1 AMS 1 E		1 B 1 E	1 E					140 - 340 STD 280	3 1 2	90° / 20° 20° / 30°	2,305 5,755,995
CTF-3D	1 E	1 AMS 1 E		1 B 1 E	1 B 1 E		4			140 - 340 XL 280	4 2 0	90° / 20° 20° / 30°	3,955 9,881,953
CTF-3D(C) Champion	1 E	1 AMS 1 E		1 B 1 E	1 B 1 E		4			140 - 340 STD 300	4 2 0	90° / 20° 20° / 30°	4,945
CTF-3L	1 E	1 AMS 1 E		1 B 1 E	2 E					140 - 340 XL 280	5 1 0	90° / 10° 20° / 30°	n/a
CTF-3L(L) Special	1 E	1 AMS 1 E		1 B 1 E	2 E					140 - 340 XL 280	5 1 0	90° / 10° 20° / 30°	n/a
CTF-4X	2 B	1 AMS	2 E		2 B	1 M (5)				140 - 255 STD 210	2 4 1	90° / 20° 20° / 30°	2,095 5,229,289
DAO BREAKER Hero	1 B 2 E	1 E	1 AMS	1 E	2 B 1 E					120 - 290 STD 240	5 3 0	100° / 0° 20° / 50°	n/a
DARKDEATH Hero		1 ECM 1 E	1 AMS	2 M (10x2)	1 B	1 E	7			100 - 365 XL 280	2 1 2	130° / 30° 30° / 30°	n/a
DEATH'S KNELL Hero	2 E			1 AMS	2 E					100 - 240 STD 175	4 0 0	90° / 40° 20° / 30°	1,875
DEATHSTRIKE Hero	1 B 1 E	2 E	1 AMS	2 E	1 B 1 E		3			180 - 400 XL 360	6 2 0	85° / 0° 20° / 30°	n/a
DEATHWISH Hero	2 E	1 AMS 1 E		1 B	2 E					100 - 275 XL 200	5 1 0	115° / 40° 25° / 35°	n/a
DRAGON SLAYER Hero	1 E	2 M (10, 5)		1 AMS 2 E	2 B		4			160 - 400 XL 330	3 2 2	90° / 20° 20° / 30°	6,000
DRG-1C	2 E	2 E	1 M (10)	1 AMS	1 B					120 - 360 STD 300	4 1 1	90° / 40° 20° / 30°	1,900 4,745,200
DRG-1N	1 E	1 E	2 M (10, 5)	1 AMS	2 B					120 - 360 STD 300	2 2 2	90° / 40° 20° / 30°	1,935 4,827,559
DRG-5N	2 E		1 M (10)	1 AMS	3 B					120 - 360 STD 300	2 3 1	90° / 40° 20° / 30°	2,040 5,097,559
DRG-5N(C) Champion	2 E		1 M (10)	1 AMS	3 B					120 - 360 XL 300	2 3 1	90° / 40° 20° / 30°	2,550
DV-6M	2 E 1 M (20)	1 M (20)	1 AMS	1 M (20)	2 E 1 M (20)		5			110 - 360 STD 275	4 0 4	130° / 20° 20° / 20°	n/a
DV-6MR	3 E	1 M (20)	1 AMS	1 M (20)	3 E		5			110 - 360 STD 275	6 0 2	130° / 20° 20° / 20°	n/a
DV-7D	1 E 2 M (20x2)	1 M (20)	1 AMS	1 M (20)	1 E 2 M (20x2)		5			110 - 360 STD 275	2 0 6	130° / 20° 20° / 20°	n/a
DV-7P	1 E 2 M (20x2)	1 E	1 AMS	1 E	1 E 2 M (20x2)		5			110 - 360 XL 275	4 0 4	130° / 20° 20° / 20°	n/a
DV-8D	2 E	2 M (20x2)	1 AMS	2 M (20x2)	2 E		5			110 - 360 XL 275	4 0 4	130° / 20° 20° / 20°	n/a
DWF-A	1 B	2 M (20x2)		1 AMS	3 E					XL 300	3 1 2	60° / 30° 20° / 30°	6,860 17,149,906
DWF-B	4 E	2 B	1 E	2 B	1 B					XL 300	5 5 0	60° / 30° 20° / 30°	7,140 17,838,493
DWF-PRIME	1 B 4 E	1 M (20)			1 B 4 E					XL 300	8 2 1	60° / 30° 20° / 30°	7,115 17,785,963
DWF-S	1 E	1 B 2 E 1 M (20)	1 M (15)	1 B 2 E	1 B	1 E				XL 300	6 3 2	60° / 30° 20° / 30°	6,950 17,367,846
DWF-W	1 B	1 M (20)	2 E	1 B	1 E	1 E				XL 300	4 2 1	60° / 30° 20° / 30°	7,015 17,536,496
DWF-W(C) Champion	1 B 4 E	1 M (20)	2 E		1 B	1 E				XL 300	7 2 1	60° / 30° 20° / 30°	8,770
EBJ-A	1 B 2 E	3 E		1 B	1 B 2 E					XL 325	7 3 0	90° / 20° 25° / 30°	5,260 13,141,764
EBJ-B	2 E	2 E		1 E	2 E					XL 325	7 0 0	90° / 20° 25° / 30°	5,330 13,324,809
EBJ-C	1 B 1 M (20)	1 M (20)		1 M (20)	1 B 1 M (20)					XL 325	0 2 4	90° / 20° 25° / 30°	4,970 12,415,149
EBJ-D	1 B	1 E		2 E	1 B					XL 325	3 2 0	90° / 20° 25° / 30°	n/a
EBJ-PRIME	1 B	1 E 1 M (20)		1 AMS 1 M (20)	1 B					XL 325	1 2 2	90° / 20° 25° / 30°	4,930 12,321,989
EBJ-PRIME(C) Champion	1 B	3 E		1 B	1 B					XL 325	3 3 0	90° / 20° 25° / 30°	n/a
EBON DRAGOON Hero	2 M (12, 10)			2 E	2 E		6			XL 175	4 0 2	120° / 20° 30° / 30°	n/a
EMBER Hero	2 E	2 B		1 AMS 2 B	2 E		6			100 - 295 STD 210	4 4 0	100° / 25° 15° / 30°	2,625
ENF-4P	2 E	2 E		1 AMS	2 B					100 - 350 STD 250	4 2 0	125° / 10° 20° / 30°	1,635 4,080,698
ENF-4R	3 E	2 E		1 AMS	1 B		4			100 - 260 STD 200	5 1 0	125° / 35° 20° / 30°	1,530 3,818,468
ENF-4R(C) Champion	3 E	2 E		1 AMS	1 B		4			100 - 260 XL 255	5 1 0	125° / 35° 20° / 30°	1,915
ENF-5D	1 E	2 E		1 AMS	2 B		5			100 - 325 XL 250	3 2 0	125° / 35° 20° / 30°	3,030 7,566,723
ENF-5P	2 B	1 E		1 AMS	2 B		2			100 - 325 XL 250	1 4 0	125° / 35° 20° / 30°	2,700 6,743,201
ESPRIT DE CORPS Hero	1 E 1 M (20)	1 B		1 E	1 E 1 M (20)					XL 325	3 1 2	90° / 20° 25° / 30°	n/a
EXE-A	3 E			2 B	4 E		4			XL 380	7 2 0	80° / 30° 25° / 30°	7,170 17,924,467
EXE-B	1 B			1 AMS 1 E	1 E		4			XL 380	2 1 0	80° / 30° 25° / 30°	7,280 18,194,422
EXE-C	1 M (20)	1 E			1 B		4			XL 380	1 1 1	80° / 30° 25° / 30°	7,200 17,999,162
EXE-C(L) Special	1 M (20)	1 E			1 B		4			XL 380	1 1 1	80° / 30° 25° / 30°	n/a
EXE-D	2 M (20x2)	1 E		2 E	7 E		4			XL 380	10 0 2	80° / 30° 25° / 30°	7,005 17,505,967
EXE-E	2 M (20x2)			3 E	2 E		4			XL 380	5 0 2	80° / 30° 25° / 30°	n/a
EXE-PRIME	1 B			2 B	2 E		4			XL 380	2 3 0	80° / 30° 25° / 30°	7,070 17,674,467
FANG Hero	2 E	1 E	1 M (6)	1 AMS	2 B					120 - 360 STD 300	3 2 1	90° / 40° 20° / 30°	4,500
FIREBRAND Hero	1 B 1 E	1 AMS 2 E		2 E	1 B 1 E					130 - 340 XL 280	6 2 0	100° / 0° 20° / 35°	4,875
FIRESTORM Hero	2 B	1 E	2 E	1 AMS 1 E	2 B		6			100 - 295 STD 210	4 4 0	100° / 25° 15° / 30°	n/a
FLAME Hero	2 E	1 B	1 M (5)	1 AMS	2 E					120 - 360 STD 300	4 1 1	90° / 40° 20° / 30°	4,500
FLE-15	1 B 1 E	1 AMS 1 E	1 E	1 E	1 B 1 E					100 - 170 STD 120	5 2 0	120° / 0° 20° / 60°	n/a
FLE-17	2 E	1 AMS 1 E	1 E	1 E	2 E					100 - 170 STD 120	7 0 0	120° / 0° 20° / 60°	n/a
FLE-19	4 B	1 AMS	1 E	1 M (10)	4 B					100 - 170 STD 120	1 8 1	120° / 0° 20° / 60°	n/a
FLE-20	2 E	1 AMS 1 E		1 ECM	2 E					100 - 170 STD 120	5 0 0	120° / 0° 20° / 60°	n/a
FLE-FA	3 B	1 AMS 1 E		1 E	3 B	1 E				100 - 170 STD 120	3 6 0	120° / 0° 20° / 60°	n/a
FLORENTINE Hero	1 B	2 M (20x2)		1 AMS 2 E	1 B					100 - 325 XL 250	2 2 2	115° / 35° 25° / 30°	n/a
FNR-5	1 E	1 AMS 2 B	1 ECM	2 B	1 E	1 E				200 - 325 STD 300	3 4 0	100° / 0° 20° / 30°	n/a
FNR-5B	2 E	1 AMS 1 B	1 ECM	1 B	2 E	1 E				200 - 325 STD 300	5 2 0	100° / 0° 20° / 30°	n/a
FNR-5E	2 M (20x2)	2 B		2 B	2 M (20x2)	1 AMS				200 - 325 STD 300	0 4 4	100° / 0° 20° / 30°	n/a
FNR-6R	1 E 1 M (20)	1 B 1 E		1 B 1 E	1 E 1 M (20)	1 AMS				200 - 325 STD 300	4 2 2	100° / 0° 20° / 30°	n/a
FNR-6U	2 B	2 E		2 E	2 B	1 AMS				200 - 325 STD 300	4 4 0	100° / 0° 20° / 30°	n/a
FRENZY Hero	2 M (20x2)	2 M (20x2)	1 AMS	2 M (20x2)	2 M (20x2)		5			110 - 360 XL 275	0 0 8	130° / 20° 20° / 20°	n/a
FS9-A	2 E	1 E	2 E	1 AMS 1 E	2 E		6			100 - 295 STD 210	8 0 0	100° / 25° 15° / 30°	1,065 2,662,358
FS9-H	2 E	1 B	2 E	1 AMS 1 B	2 E		6			100 - 295 STD 210	6 2 0	100° / 25° 15° / 30°	1,055 2,629,342
FS9-K	3 E		2 E	1 AMS	3 E		6			100 - 295 STD 210	8 0 0	100° / 25° 15° / 30°	1,065 2,662,342
FS9-S	2 E	1 AMS	2 E	1 AMS 1 E	2 E		6			100 - 295 STD 210	7 0 0	100° / 25° 15° / 30°	1,295 3,231,842
FS9-S(C) Champion	2 E	1 AMS	2 E	1 AMS 1 E	2 E		6			100 - 295 XL 295	7 0 0	100° / 25° 15° / 30°	1,620
FURY Hero	3 B	1 AMS	2 E	1 AMS	3 B		7			100 - 315 XL 280	2 6 0	100° / 0° 20° / 30°	n/a
GAR-A	4 E				2 E					XL 400	6 0 0	90° / 20° 20° / 30°	6,240 15,593,762
GAR-B	2 M (20x2)				1 B					XL 400	0 1 2	90° / 20° 20° / 30°	6,010 15,015,380
GAR-C	1 B				6 E					XL 400	6 1 0	90° / 20° 20° / 30°	6,295 15,733,594
GAR-D	2 E		2 E		2 E					XL 400	6 0 0	90° / 20° 20° / 30°	6,015 15,031,762
GAR-E	2 E	2 E 1 M (20)		2 E	1 M (20)					XL 400	6 0 2	90° / 20° 20° / 30°	n/a
GAR-PRIME	1 B 1 M (20)	1 AMS	1 E		1 B 1 M (20)					XL 400	1 2 2	90° / 20° 20° / 30°	6,070 15,167,822
GHILLIE Hero	2 E	2 E		1 ECM 1 AMS	1 B		5			100 - 300 XL 250	4 1 0	125° / 35° 20° / 30°	n/a
GHR-5H	1 E	1 AMS 2 E	1 E	2 E	1 E	1 M (5)	4			140 - 340 STD 280	7 0 1	120° / 30° 20° / 30°	2,365 5,911,055
GHR-5H(C) Champion	1 E	1 AMS 2 E	1 E	2 E	1 E	1 M (5)	4			140 - 340 XL 340	7 0 1	120° / 30° 20° / 30°	2,960
GHR-5J	2 E	1 AMS	2 E	1 AMS	2 E	1 M (5)	6			140 - 365 STD 280	6 0 1	120° / 30° 20° / 30°	2,485 6,200,995
GHR-5N	2 E	1 AMS 1 E		2 E	2 E	1 E	4			140 - 340 STD 280	8 0 0	120° / 30° 20° / 30°	2,445 6,100,995
GHR-5P		1 AMS 3 E	1 E	3 E		1 E	4			140 - 340 STD 280	8 0 0	120° / 30° 20° / 30°	2,620 6,542,003
GOLDEN BOY Hero	1 E 2 M (20, 15)	1 AMS	2 M (10, 5)	1 M (20)	2 E					110 - 290 XL 220	3 0 5	90° / 20° 30° / 30°	4,125
GRAY DEATH Hero	2 E	1 AMS 1 B		1 M (10)	2 E	1 M (5)	4			110 - 360 XL 275	4 1 2	90° / 35° 30° / 30°	4,125
GRF-1N		1 AMS		3 M (20, 10x2)	3 E		7			110 - 360 STD 275	3 0 3	130° / 35° 25° / 30°	1,880 4,696,843
GRF-1S		2 M (20, 10)		1 AMS	4 E		7			110 - 360 STD 275	4 0 2	130° / 35° 25° / 30°	1,795 4,486,783
GRF-1S(C) Champion		2 M (20, 10)		1 AMS	4 E		7			110 - 360 XL 325	4 0 2	130° / 35° 25° / 30°	2,245
GRF-2N		1 ECM 2 M (20, 10)		1 AMS 2 M (20, 10)	2 E		5			110 - 360 STD 275	2 0 4	130° / 35° 25° / 30°	2,250 5,619,335
GRF-3M		1 AMS 1 E		4 M (20, 10x3)	1 E		7			110 - 360 XL 275	2 0 4	130° / 35° 25° / 30°	3,315 8,277,351
GRF-5M		1 AMS 2 E		2 M (20, 10)	4 B		7			110 - 360 XL 275	2 4 2	130° / 35° 25° / 30°	n/a
GRF-5M(L) Special		1 AMS 2 E		2 M (20, 10)	4 B		7			110 - 360 XL 275	2 4 2	130° / 35° 25° / 30°	n/a
GRID IRON Hero	1 E	1 AMS 1 M (10)		2 B	1 E	1 E				100 - 275 XL 200	3 2 1	125° / 40° 25° / 35°	3,750
GRINNER Hero		1 AMS 1 E	2 E	1 ECM 1 E	1 E					100 - 295 STD 210	5 0 0	110° / 40° 25° / 25°	n/a
HANGOVER Hero	2 E	1 ECM 1 E	1 E	1 AMS 1 E	5 M (20x3, 10, 5)		5			150 - 400 XL 375	5 0 5	105° / 20° 20° / 30°	n/a
HATAMOTO-KU HTM-27W	2 E			3 B	1 AMS 2 E					200 - 385 STD 320	4 3 0	100° / 30° 25° / 30°	n/a
HBK-4G	1 E	1 AMS		3 B	1 E	1 E				100 - 275 STD 200	3 3 0	125° / 40° 25° / 35°	1,480 3,694,490
HBK-4H	1 E	1 AMS		1 B 2 E	1 E	1 E				100 - 275 STD 200	5 1 0	125° / 40° 20° / 35°	1,460 3,646,484
HBK-4J	1 E	1 AMS		3 E 2 M (10x2)	1 E	1 E				100 - 275 STD 200	6 0 2	125° / 40° 20° / 35°	1,515 3,778,604
HBK-4P	1 E	1 AMS		6 E	1 E	1 E				100 - 275 STD 200	9 0 0	125° / 40° 20° / 35°	1,440 3,594,484
HBK-4P(C) Champion	1 E	1 AMS		6 E	1 E	1 E				100 - 275 STD 275	9 0 0	125° / 40° 20° / 35°	1,800
HBK-4SP	2 E	1 AMS 1 M (10)		1 M (10)	2 E	1 E				100 - 275 STD 200	5 0 2	125° / 40° 20° / 35°	1,455 3,632,484
HBK-IIC		1 AMS 2 B	2 E	2 B			4			100 - 275 XL 200	2 4 0	95° / 40° 25° / 35°	3,005 7,511,790
HBK-IIC(C) Champion		1 AMS 2 B	2 E	2 B			4			100 - 275 XL 255	2 4 0	95° / 40° 25° / 35°	3,760
HBK-IIC-A		1 AMS 3 E	2 E	3 E			4			100 - 275 XL 200	8 0 0	80° / 40° 20° / 35°	2,780 6,947,852
HBK-IIC-B		1 AMS 2 M (20x2)	2 E	2 M (20x2)			4			100 - 275 XL 200	2 0 4	115° / 40° 25° / 35°	2,730 6,823,852
HBK-IIC-C	1 E	1 AMS 1 B	2 E	1 B	1 E		4			100 - 275 XL 200	4 2 0	115° / 40° 25° / 35°	2,880 7,199,820
HBR-A	2 E	1 M (20)		2 B 1 M (20)	1 B	1 E				XL 325	3 3 2	90° / 20° 20° / 30°	5,265 13,151,413
HBR-B	1 B	1 E		2 M (20x2)	1 B					XL 325	1 2 2	90° / 20° 20° / 30°	4,965 12,403,883
HBR-F	1 B 1 E	1 E		1 E 1 M (20)	1 B 1 E					XL 325	4 2 1	90° / 20° 20° / 30°	n/a
HBR-F(C) Champion	1 B 1 E	1 ECM 3 E		1 E 1 M (20)	1 B 1 E	1 E				XL 325	7 2 1	90° / 20° 20° / 30°	n/a
HBR-F(L) Special	1 B 1 E	1 E		1 E 1 M (20)	1 B 1 E					XL 325	4 2 1	90° / 20° 20° / 30°	n/a
HBR-P	2 E	1 M (20)		2 E	1 E					XL 325	5 0 1	90° / 20° 20° / 30°	n/a
HBR-PRIME	1 E	1 ECM 3 E		2 B 1 M (20)	1 E	1 AMS				XL 325	5 2 1	90° / 20° 20° / 30°	5,480 13,695,385
HEAVY METAL Hero	3 E	1 AMS 2 M (20, 10)			2 B		5			180 - 330 XL 275	3 2 2	90° / 20° 20° / 30°	6,750
HELLSLINGER Hero	1 E	2 E 3 M (10x3)		1 AMS 2 E	1 E					170 - 400 STD 340	6 0 3	75° / 30° 20° / 30°	6,375
HGN-732	2 M (10x2)	1 AMS 1 M (20)		3 E	1 B		3			180 - 325 STD 270	3 1 3	90° / 20° 20° / 30°	3,615 9,032,840
HGN-732B	1 M (10)	1 AMS 1 M (20)		3 E	2 B		3			180 - 325 STD 270	3 2 2	90° / 20° 20° / 30°	3,750 9,364,960
HGN-733	2 M (10x2)	1 AMS 2 M (20, 10)		2 E	1 B		3			180 - 325 STD 270	2 1 4	90° / 20° 20° / 30°	3,405 8,504,422
HGN-733C	1 M (10)	1 AMS 2 M (20, 10)		2 E	2 B		4			180 - 325 STD 270	2 2 3	90° / 10° 20° / 30°	3,465 8,655,368
HGN-733C(C) Champion	1 M (10)	1 AMS 2 M (20, 10)		2 E	2 B		4			180 - 325 STD 325	2 2 3	90° / 10° 20° / 30°	4,335
HGN-733P	1 M (10)	1 AMS 2 M (20, 10)		2 E	2 E		3			180 - 325 STD 270	4 0 3	90° / 20° 20° / 30°	3,410 8,520,422
HGN-IIC	2 M (20x2)	1 AMS 3 E		1 M (20)	1 B		3			180 - 325 STD 270	3 1 3	85° / 20° 20° / 30°	3,870 9,670,316
HGN-IIC-A	1 M (20)	1 AMS 2 E		2 M (20x2)	2 E		3			180 - 325 STD 270	4 0 3	85° / 20° 20° / 30°	4,010 10,024,040
HGN-IIC-B	2 M (20x2)	1 AMS 2 E		2 M (20x2)	1 B		3			180 - 325 STD 270	2 1 4	85° / 20° 20° / 30°	3,790 9,468,100
HGN-IIC-C	1 M (20)	1 AMS 3 E		1 M (20)	2 B		3			180 - 325 XL 270	3 2 2	85° / 20° 20° / 30°	5,065 12,656,076
HGN-IIC-C(C) Champion	1 M (20)	1 AMS 3 E		1 M (20)	2 B		3			180 - 325 XL 325	3 2 2	85° / 20° 20° / 30°	6,335
HI THERE! Hero	2 E	1 M (10)	1 AMS	1 M (10)	2 E		6			100 - 255 XL 180	4 0 2	90° / 35° 20° / 25°	2,250
HIGH ROLLER Hero	3 E	1 B 1 M (20)	1 E	1 B	1 B	1 AMS				200 - 360 XL 275	4 3 1	110° / 35° 30° / 30°	n/a
HLF-1	3 E	1 E 1 M (20)		1 AMS 2 M (20x2)	3 E					120 - 290 STD 240	7 0 3	85° / 20° 20° / 30°	n/a
HLF-2	3 E	1 E 1 M (20)		1 AMS 1 M (20)	2 E					120 - 360 XL 300	6 0 2	85° / 20° 20° / 30°	n/a
HLF-A	2 E	2 M (20x2)		1 AMS 1 B 2 M (20x2)	2 E					120 - 290 XL 240	4 1 4	85° / 20° 20° / 30°	n/a
HLF-B	2 E	1 E 1 M (20)		1 AMS 2 M (20x2)	2 E					120 - 360 XL 300	5 0 3	85° / 20° 20° / 30°	n/a
HLF-C	2 E	2 M (20x2)		1 AMS 2 M (20x2)	2 E					120 - 360 XL 300	4 0 4	85° / 20° 20° / 30°	n/a
HMN-A	1 E 1 M (10)				1 B 1 E		5			XL 250	2 1 1	95° / 35° 20° / 20°	3,780 9,445,923
HMN-B	1 B			2 B	3 E		5			XL 250	3 3 0	95° / 35° 20° / 20°	3,960 9,890,523
HMN-C	1 B	2 E 1 M (10)		1 E 1 M (10)	1 M (10)		5			XL 250	3 1 3	95° / 35° 20° / 20°	3,980 9,939,183
HMN-P	2 M (10x2)	1 B		2 E	2 M (10x2)		5			XL 250	2 1 4	95° / 35° 20° / 20°	3,950 9,867,123
HMN-PRIME	2 E 1 M (10)	1 AMS 2 E		1 M (10)	1 B 2 E		5			XL 250	6 1 2	95° / 35° 20° / 20°	4,185 10,452,733
HSN-7D	2 E	1 M (20)	1 ECM	1 AMS 1 E	1 E 1 M (20)		6			100 - 355 XL 270	4 0 2	110° / 30° 25° / 30°	n/a
HSN-7P Special	1 E	2 M (20x2)	1 E	1 AMS 2 E	1 E					100 - 355 XL 270	5 0 2	110° / 30° 25° / 30°	n/a
HSN-8E	1 E	2 M (20x2)	1 ECM	1 AMS 1 E	1 E 1 M (20)		6			100 - 355 XL 270	3 0 3	110° / 30° 25° / 30°	n/a
HSN-8P Special	2 M (20x2)	1 M (20)		1 AMS 2 E	2 M (20x2)		6			100 - 355 XL 270	2 0 5	110° / 30° 25° / 30°	n/a
HSN-9F Special	2 E	2 M (20x2)		1 AMS	1 E 2 M (20x2)		6			100 - 355 XL 270	3 0 4	110° / 30° 25° / 30°	n/a
HTM-27T	2 E	2 M (20x2)		2 M (20x2)	1 AMS 1 E					200 - 385 STD 320	3 0 4	100° / 30° 25° / 30°	n/a
HTM-28TR	2 E	1 ECM 1 M (20)		1 M (20)	1 AMS 2 E		3			200 - 290 STD 240	4 0 2	100° / 30° 25° / 30°	n/a
HUGINN Hero	2 B	1 AMS 1 M (20)		1 M (20)	2 B		2			100 - 300 XL 280	0 4 2	120° / 0° 20° / 30°	2,625
IFR-A	1 B		1 E		1 AMS 1 E					XL 360	2 1 0	135° / 25° 20° / 25°	4,085 10,208,350
IFR-B	1 E 1 M (20)		1 E		1 M (20)					XL 360	2 0 2	135° / 25° 20° / 25°	4,060 10,149,049
IFR-C	1 M (20)	1 M (20)	1 E		1 M (20)					XL 360	1 0 3	135° / 25° 20° / 25°	4,030 10,065,910
IFR-D	1 AMS 1 E		1 E		2 E					XL 360	4 0 0	135° / 25° 20° / 25°	4,030 10,065,049
IFR-P	1 E 1 M (20)		1 ECM	1 E	2 E					XL 360	4 0 1	135° / 25° 20° / 25°	n/a
IFR-PRIME	2 E				1 M (20)					XL 360	2 0 1	135° / 25° 20° / 25°	4,200 10,489,550
ILYA MUROMETS Hero	1 B	1 AMS 1 E		1 B 1 E	1 B 1 E					140 - 340 XL 280	3 3 0	90° / 20° 20° / 30°	5,250
INC-1		2 B 1 E	1 AMS	2 B 1 E	2 E					100 - 285 XL 270	4 4 0	110° / 30° 30° / 30°	n/a
INC-2		3 B 1 E	1 AMS	2 B 1 E	1 E					100 - 285 XL 270	3 5 0	110° / 30° 30° / 30°	n/a
INC-3		2 B 1 E	1 AMS	2 B 1 E	2 M (20x2)					100 - 285 XL 270	2 4 2	110° / 30° 30° / 30°	n/a
INC-4		3 E	1 AMS	3 E	1 E					100 - 285 XL 270	7 0 0	110° / 30° 30° / 30°	n/a
INC-5		2 B 2 E	1 AMS	2 B 1 E	1 M (20)					100 - 285 XL 270	3 4 1	110° / 30° 30° / 30°	n/a
INVICTUS Hero	1 AMS 1 E 1 M (20)	1 M (20)		1 M (20)	1 E 1 M (20)		5			120 - 360 XL 300	2 0 4	100° / 0° 20° / 35°	n/a
IV-FOUR Hero	1 B	1 AMS 1 M (10)	2 E	1 M (10)	1 B		4			120 - 290 XL 240	2 2 2	100° / 35° 25° / 40°	4,500
JADE KITE Hero	2 B	2 B		2 M (20, 15)	2 E		4			XL 300	2 4 2	70° / 20° 15° / 30°	7,035
JESTER Hero	1 E	1 AMS 1 E	2 E	1 AMS 1 E	1 E		4			130 - 355 STD 295	6 0 0	120° / 0° 16° / 35°	4,875
JM6-A	1 B 2 M (20x2)	1 AMS 1 E		1 E	1 B 2 M (20x2)					130 - 315 STD 260	2 2 4	90° / 0° 20° / 35°	2,190 5,473,070
JM6-A(C) Champion	1 B 2 M (20x2)	1 AMS 1 E		1 E	1 B 2 M (20x2)					130 - 315 XL 265	2 2 4	90° / 0° 20° / 35°	2,740
JM6-DD	3 B	1 AMS 1 E		1 E	3 B					130 - 315 XL 260	2 6 0	110° / 0° 20° / 35°	3,410 8,513,253
JM6-S	2 B	1 AMS 2 E		2 E	2 B					130 - 315 STD 260	4 4 0	110° / 0° 20° / 35°	2,085 5,201,918
JR7-D	2 E	1 AMS	2 M (10, 5)		2 E		5			100 - 300 STD 245	4 0 2	120° / 0° 20° / 30°	1,205 3,010,018
JR7-D(S) Sarah	2 E	1 AMS	2 M (10, 5)		2 E		5			100 - 300 XL 300	4 0 2	120° / 0° 20° / 30°
JR7-F	3 E	1 AMS			3 E		5			100 - 300 STD 245	6 0 0	120° / 0° 20° / 30°	1,160 2,893,066
JR7-F(C) Champion	3 E	1 AMS			3 E		5			100 - 300 XL 300	6 0 0	120° / 0° 20° / 30°	1,450
JR7-IIC	2 M (12x2)	1 AMS	2 M (15, 10)		2 M (12x2)		7			100 - 315 XL 315	0 0 6	100° / 0° 20° / 30°	2,770 6,916,093
JR7-IIC(C) Champion	2 M (12x2)	1 AMS	2 M (15, 10)		2 M (12x2)		7			100 - 315 XL 295	0 0 6	100° / 0° 20° / 30°	3,465
JR7-IIC-2	2 E	1 AMS	1 M (15)		2 E		10			100 - 315 XL 315	4 0 1	100° / 0° 20° / 30°	2,770 6,918,153
JR7-IIC-3	2 E	1 AMS	2 M (15, 10)		2 E		7			100 - 315 XL 315	4 0 2	100° / 0° 20° / 30°	2,665 6,660,093
JR7-IIC-A	3 E	1 AMS			3 E		7			100 - 315 XL 315	6 0 0	100° / 0° 20° / 30°	2,610 6,524,093
JR7-K	2 E	1 AMS	1 M (10)		2 E		5			100 - 300 STD 245	4 0 1	120° / 0° 20° / 30°	1,260 3,139,704
JVN-10F		1 AMS 2 E		1 AMS 2 E			8			100 - 285 STD 180	4 0 0	110° / 35° 20° / 25°	950
JVN-10N		1 AMS 2 M (10x2)		1 AMS 2 M (10x2)			8			100 - 285 STD 180	0 0 4	110° / 35° 20° / 25°	950
JVN-10P		3 M (10x2, 6)	1 AMS	3 M (10x2, 6)			6			100 - 255 STD 180	0 0 6	90° / 35° 20° / 25°	925
JVN-11A		2 E	1 AMS	2 E	3 E		6			100 - 255 STD 180	7 0 0	90° / 35° 20° / 25°	1,060
JVN-11B		1 ECM 2 M (10x2)	1 AMS	2 M (10x2)						100 - 255 STD 180	0 0 4	110° / 35° 20° / 25°	1,250
JVN-11F	3 B		1 AMS	2 E	3 B		6			100 - 255 XL 180	2 6 0	110° / 35° 20° / 25°	n/a
K-9 Hero	3 E		2 E	1 AMS	1 B		4			60 - 180 STD 60	5 1 0	360° / 0° 25° / 30°	n/a
KAIJU Hero	3 E	2 M (20x2)	1 AMS	2 B	3 E					200 - 360 STD 300	6 2 2	100° / 0° 25° / 30°	n/a
KATANA KAT Hero	2 E	1 AMS	1 M (10)		2 E		8			100 - 250 XL 140	4 0 1	110° / 40° 20° / 30°	n/a
KDK-1	4 E	2 M (20x2)	1 E	1 AMS 1 B	4 E					200 - 400 XL 400	9 1 2	70° / 30° 20° / 30°	6,410 16,015,225
KDK-2	2 E	1 M (20)	2 E	1 AMS 1 B	2 E		4			200 - 400 XL 400	6 1 1	70° / 30° 20° / 30°	6,280 15,689,225
KDK-3	2 E	2 B		1 AMS 2 B	2 E					200 - 400 XL 400	4 4 0	60° / 30° 16° / 30°	6,420 16,039,165
KDK-3(C) Champion	2 E	2 B		1 AMS 2 B	2 E					200 - 400 XL 375	4 4 0	60° / 30° 16° / 30°	n/a
KDK-4	2 E 1 M (20)			1 AMS 2 B	2 E 1 M (20)					200 - 400 XL 400	4 2 2	70° / 30° 20° / 30°	6,440 16,095,705
KDK-5	5 E		1 E	1 AMS 1 B	5 E					200 - 400 XL 400	11 1 0	70° / 30° 20° / 30°	6,270 15,663,255
KEEPER Hero	1 E 2 M (20x2)	1 AMS 1 B		2 M (20x2)	1 B		3			180 - 325 XL 270	1 2 4	85° / 20° 20° / 30°	n/a
KFX-C	2 B 2 E				1 ECM 3 AMS 1 E					XL 180	3 2 0	120° / 40° 20° / 30°	2,725 6,810,335
KFX-D	2 M (20, 15)				2 M (20, 15)					XL 180	0 0 4	120° / 40° 20° / 30°	2,380 5,949,429
KFX-G	1 ECM	1 M (15)		1 M (20)	2 E					XL 180	2 0 2	120° / 40° 20° / 30°	n/a
KFX-G(L) Special	1 ECM	1 M (15)		1 M (20)	2 E					XL 180	2 0 2	120° / 40° 20° / 30°	n/a
KFX-PRIME	2 E				1 B 1 M (20)					XL 180	2 1 1	120° / 40° 20° / 30°	2,405 6,008,129
KFX-S	1 E 1 M (20)	1 B		1 B	2 E					XL 180	3 2 1	120° / 40° 20° / 30°	2,340 5,848,129
KGC-000	3 B	2 M (20x2)	1 AMS	2 E	3 B					200 - 360 STD 300	2 6 2	100° / 0° 25° / 30°	4,040 10,097,884
KGC-0000	1 B	4 M (20x2, 15x2)	1 AMS	4 E	1 B					200 - 360 STD 300	4 2 4	100° / 0° 25° / 30°	3,900 9,748,980
KGC-000B	2 B	3 M (20x2, 15)	1 AMS	3 E	2 B					200 - 360 STD 300	3 4 3	100° / 0° 25° / 30°	4,105 10,251,950
KGC-000B(C) Champion	2 B	3 M (20x2, 15)	1 AMS	3 E	2 B					200 - 360 STD 310	3 4 3	100° / 0° 25° / 30°	5,135
KIN WOLF Hero	1 B	2 M (20x2)	1 E	1 M (20)	1 B					XL 400	1 2 3	90° / 20° 20° / 30°	n/a
KNOCKOUT Hero	1 AMS 1 B	2 E 2 M (20x2)		2 E 2 M (20x2)	1 B					180 - 325 XL 270	4 2 4	70° / 25° 20° / 35°	n/a
KRAKEN Hero	1 AMS 1 E	2 M (10x2)	2 E	1 B	2 E					200 - 360 XL 300	5 1 2	90° / 40° 16° / 30°	n/a
KTO-18	1 E 2 M (20, 15)	1 AMS	1 M (10)	2 M (20x2)	1 E					110 - 360 STD 275	2 0 5	90° / 20° 30° / 30°	1,790 4,474,807
KTO-18(C) Champion	1 E 2 M (20, 15)	1 AMS	1 M (10)	2 M (20x2)	1 E					110 - 360 XL 300	2 0 5	90° / 20° 30° / 30°	2,240
KTO-19	1 E 2 M (20, 15)	1 AMS	1 M (10)	1 M (20)	2 E					110 - 360 STD 275	3 0 4	90° / 20° 30° / 30°	1,840 4,589,395
KTO-20	1 M (20)	1 AMS	2 E	2 M (20x2)	2 E					110 - 360 STD 275	4 0 3	90° / 20° 30° / 30°	1,880 4,697,395
KUROI KIRI Hero	2 B 2 E	1 AMS			1 AMS 2 E		6			100 - 355 XL 270	4 2 0	110° / 30° 25° / 35°	3,375
LA MALINCHE Hero	1 E	1 B 1 E	1 AMS	1 M (20)	1 E	1 E				190 - 400 XL 380	4 1 1	90° / 20° 20° / 30°	7,125
LACERATOR Hero	1 B	1 AMS		1 AMS 1 E	1 B 1 E					XL 330	2 2 0	130° / 35° 20° / 30°	n/a
LBK-A	1 E	1 M (20)		2 E 1 M (20)	1 E					XL 390	4 0 2	90° / 20° 25° / 30°	5,395
LBK-B	2 E	1 AMS 1 E		1 B	1 E					XL 390	4 1 0	90° / 20° 25° / 30°	5,200
LBK-C	2 E	3 E		2 B 1 E	1 B					XL 390	6 3 0	90° / 20° 25° / 30°	5,340
LBK-D	2 M (20x2)	2 E		1 E	2 M (20x2)					XL 390	3 0 4	90° / 20° 25° / 30°	5,330
LBK-H	1 E	1 E	1 E	1 E	1 E					XL 390	5 0 0	90° / 20° 25° / 30°	n/a
LBK-H(L) Special	1 E	1 E	1 E	1 E	1 E					XL 390	5 0 0	90° / 20° 25° / 30°	n/a
LBK-PRIME	1 E	1 M (20)		1 E 1 M (20)	1 E					XL 390	3 0 2	90° / 20° 25° / 30°	5,365
LCT-1E	3 E			1 AMS	3 E					100 - 190 STD 160	6 0 0	120° / 0° 20° / 60°	600 1,491,242
LCT-1E(C) Champion	3 E			1 AMS	3 E					100 - 190 XL 190	6 0 0	120° / 0° 20° / 60°	760
LCT-1M	1 M (6)		2 E	1 AMS	1 M (6)					100 - 190 STD 160	2 0 2	130° / 0° 20° / 60°	595 1,486,254
LCT-1V	2 B		1 E	1 AMS	2 B					100 - 190 STD 160	1 4 0	130° / 0° 20° / 60°	560 1,388,242
LCT-3M	1 AMS 2 E		1 E	1 AMS	2 E					100 - 190 STD 160	5 0 0	120° / 0° 20° / 60°	715 1,777,326
LCT-3S	2 M (6x2)		1 E	1 AMS	2 M (6x2)					100 - 190 STD 160	1 0 4	130° / 0° 20° / 60°	640 1,589,282
LCT-3V	1 B		2 E	1 AMS	1 B					100 - 190 STD 160	2 2 0	130° / 0° 20° / 60°	595 1,478,234
LEGEND-KILLER Hero	2 B 1 E	1 E	1 AMS	1 E	2 B 1 E					120 - 290 XL 240	4 4 0	100° / 0° 20° / 50°	4,500
LOUP DE GUERRE Hero	1 E 1 M (20)	1 M (20)		1 AMS 1 M (20)	1 E 1 M (20)		5			100 - 325 XL 325	2 0 4	115° / 35° 35° / 40°	3,750
MAD-3R	2 E	1 AMS		3 B	2 E					150 - 360 STD 300	4 3 0	85° / 20° 20° / 30°	2,640 6,590,643
MAD-4A	3 E	1 AMS		3 E	2 E		3			200 - 360 STD 300	8 0 0	70° / 20° 20° / 30°	n/a
MAD-4HP	2 E	4 M (20x4)	1 AMS	4 M (20x4)	2 E	1 M (5)	3			200 - 360 STD 300	4 0 9	70° / 20° 20° / 30°	n/a
MAD-4L	2 B	1 ECM 1 AMS		2 E	2 B		3			200 - 360 STD 300	2 4 0	70° / 20° 20° / 30°	n/a
MAD-5A	3 E	1 AMS		2 B	3 E		3			200 - 360 XL 300	6 2 0	70° / 20° 20° / 30°	n/a
MAD-5D	2 E	1 AMS 2 M (20x2)		1 E	2 E		4			150 - 360 XL 300	5 0 2	85° / 20° 20° / 30°	4,370 10,915,183
MAD-5M	3 E	1 AMS		2 B	2 E		4			150 - 360 XL 300	5 2 0	85° / 20° 20° / 30°	4,315 10,776,138
MAD-6S	2 E	1 AMS	2 E	1 B	2 E	1 AMS	4			200 - 360 STD 300	6 1 0	70° / 20° 20° / 30°	n/a
MAD-IIC	2 E	1 AMS 2 E	2 E	1 E	2 E					170 - 400 STD 340	9 0 0	70° / 20° 20° / 30°	n/a
MAD-IIC-2	3 E	1 AMS	2 E		2 E		4			170 - 400 STD 340	7 0 0	70° / 20° 20° / 30°	n/a
MAD-IIC-8	2 E	1 AMS 2 E 1 M (20)	1 E	1 E	1 E					170 - 400 STD 340	7 0 1	70° / 20° 20° / 30°	n/a
MAD-IIC-A	2 E	1 AMS		3 B	2 E					170 - 400 STD 340	4 3 0	70° / 20° 20° / 30°	n/a
MAD-IIC-B	2 E	1 AMS 2 M (20x2)		1 E	2 E		4			170 - 400 XL 340	5 0 2	70° / 20° 20° / 30°	n/a
MAD-IIC-C	3 E	1 AMS		2 B	2 E		4			170 - 400 XL 340	5 2 0	70° / 20° 20° / 30°	n/a
MAD-IIC-D	1 B 1 M (20)	1 AMS	1 ECM	1 E	1 B 1 M (20)	1 E				170 - 340 XL 255	2 2 2	70° / 20° 20° / 30°	n/a
MAL-1P	1 AMS 2 E	2 B 1 M (20)		2 B 1 M (20)	2 E					180 - 325 XL 270	4 4 2	70° / 25° 20° / 35°	4,645 11,603,674
MAL-1R	1 AMS 1 E	2 B 2 M (20x2)		2 B 2 M (20x2)	1 E					180 - 325 XL 270	2 4 4	70° / 25° 20° / 35°	4,765 11,903,674
MAL-2P	1 AMS 3 E	1 B 1 M (20)		1 B 1 M (20)	3 E					180 - 325 STD 270	6 2 2	70° / 25° 20° / 35°	3,535 8,834,724
MAL-MX90	1 AMS 1 E	3 B 1 M (20)		3 B 1 M (20)	1 E					180 - 325 STD 270	2 6 2	70° / 25° 20° / 35°	3,305 8,250,810
MAL-MX90(C) Champion	1 AMS 1 E	3 B 1 M (20)		3 B 1 M (20)	1 E					180 - 325 STD 300	2 6 2	70° / 25° 20° / 35°	n/a
MANUL Hero	2 E	1 E		1 AMS	2 E					XL 350	5 0 0	80° / 0° 20° / 30°	n/a
MAUL Hero	1 E	1 B 1 E 1 M (20)	1 AMS	1 B 1 E 1 M (20)	1 E					160 - 385 STD 320	4 2 2	75° / 30° 20° / 30°	n/a
MCII-1	1 B	2 E 1 M (20)	1 AMS	2 E 1 M (20)	1 B		3			180 - 400 XL 360	4 2 2	85° / 0° 20° / 30°	n/a
MCII-2	1 B	1 E 2 M (20x2)	1 AMS	1 E 2 M (20x2)	1 B		3			180 - 400 XL 360	2 2 4	85° / 0° 20° / 30°	n/a
MCII-4	2 E	2 M (20x2)	1 AMS	2 M (20x2)	2 E		4			180 - 400 XL 360	4 0 4	85° / 20° 20° / 30°	n/a
MCII-A	2 E	1 AMS 1 E 1 M (20)	1 B	1 B 1 M (20)	2 E		3			180 - 400 XL 360	5 2 2	85° / 20° 20° / 30°	n/a
MCII-B	2 B	1 AMS 1 E	2 M (15, 10)	1 E	2 B		3			180 - 400 XL 360	2 4 2	85° / 20° 20° / 30°	n/a
MDD-A	1 B	3 M (20, 10x2)		3 M (20, 10x2)	1 E					XL 300	1 1 6	95° / 30° 20° / 30°	4,755 11,886,819
MDD-B	2 E	1 M (20)		2 M (20, 10)	3 E					XL 300	5 0 3	95° / 30° 20° / 30°	4,820 12,042,879
MDD-C	1 B				1 B					XL 300	0 2 0	95° / 30° 20° / 30°	4,390 10,968,755
MDD-C(C) Champion	1 B				1 B					XL 300	0 2 0	95° / 30° 20° / 30°	n/a
MDD-H	3 E	1 M (20)		1 M (20)	1 E					XL 300	4 0 2	95° / 30° 20° / 30°	n/a
MDD-PRIME	2 E	1 AMS 1 M (20)		1 M (20)	2 E					XL 300	4 0 2	95° / 30° 20° / 30°	4,680 11,688,879
MEAN BABY Hero	2 E	2 M (20x2)	1 E	1 AMS 2 M (20x2)	2 E	1 E				200 - 300 XL 300	6 0 4	90° / 40° 20° / 25°	n/a
MEDUSA Hero	3 E	1 M (15)	1 AMS		3 E		8			XL 320	6 0 1	130° / 30° 20° / 30°	3,750
MISERY Hero	2 E	1 B	1 E	1 AMS 1 M (6)	2 E					80 - 310 STD 255	5 1 1	65° / 0° 20° / 30°	6,375
MISHIPESHU Hero	1 E			1 M (20)	1 B 1 E		6			XL 270	2 1 1	135° / 20° 20° / 40°	n/a
MJÖLNIR Hero	1 B	1 AMS 2 E	1 E	2 E	2 E		4			140 - 340 XL 280	7 1 0	120° / 30° 20° / 30°	n/a
MLX-A	2 AMS 1 E				2 B 1 E		6			XL 175	2 2 0	120° / 20° 30° / 30°	2,325 5,810,750
MLX-B	2 E				1 E 2 M (10x2)		6			XL 175	3 0 2	120° / 20° 30° / 30°	2,390 5,964,046
MLX-C	1 ECM 1 AMS				2 E		6			XL 175	2 0 0	120° / 20° 30° / 30°	2,565 6,409,546
MLX-D	1 B				2 E		6			XL 175	2 1 0	120° / 20° 30° / 30°	2,270 5,671,096
MLX-G	4 B 1 E			2 E	4 B 1 E		6			XL 175	4 8 0	120° / 20° 30° / 30°	n/a
MLX-PRIME	1 M (10)				2 B 1 M (10)		6			XL 175	0 2 2	120° / 20° 30° / 30°	2,295 5,732,606
MLX-PRIME(C) Champion	2 E				2 E		6			XL 175	4 0 0	120° / 20° 30° / 30°	2,870
NANUQ Hero	3 E			1 M (20)	2 B					XL 340	3 2 1	90° / 20° 20° / 30°	n/a
NCT-A	2 E				2 E					XL 280	4 0 0	100° / 20° 25° / 25°	n/a
NCT-B	3 M (20x2, 15)	1 E		1 E	3 M (20x2, 15)					XL 280	2 0 6	100° / 20° 25° / 25°	n/a
NCT-C	2 E				3 B					XL 280	2 3 0	100° / 20° 25° / 25°	n/a
NCT-D	1 B 1 E				2 E					XL 280	3 1 0	100° / 20° 25° / 25°	n/a
NCT-PRIME	3 E			1 AMS	2 E					XL 280	5 0 0	100° / 20° 25° / 25°	n/a
NSR-10P	2 B	1 ECM 1 AMS		1 E	2 B	1 E				190 - 345 STD 285	2 4 0	95° / 30° 25° / 30°	n/a
NSR-9FC	1 B 1 E	1 AMS		2 E	1 B 1 E	1 E				190 - 400 XL 380	5 2 0	95° / 30° 25° / 30°	n/a
NSR-9J	1 B 2 E	1 AMS		1 E	1 B 2 E	1 E				190 - 345 XL 285	6 2 0	95° / 30° 25° / 30°	n/a
NSR-9P	1 B 1 E	1 AMS 1 B	1 M (10)	1 B	1 B 1 E	1 AMS				190 - 345 XL 285	2 4 1	95° / 30° 25° / 30°	n/a
NSR-9P(C) Champion	1 B 1 E	1 AMS 1 B	1 M (10)	1 B	1 B 1 E	1 AMS				190 - 345 STD 270	2 4 1	95° / 30° 25° / 30°	n/a
NSR-9S	1 B	1 AMS 1 E	1 E	1 E	1 B	1 E	4			190 - 345 XL 285	4 2 0	95° / 0° 25° / 30°	n/a
NTG-A	3 E	1 M (20)		1 M (20)	1 B	1 E	4			XL 300	4 1 2	70° / 20° 15° / 30°	5,660 14,144,563
NTG-B	1 B	1 B		1 B	1 B	1 AMS	4			XL 300	0 4 0	70° / 20° 15° / 30°	5,480 13,695,908
NTG-C	3 B	1 E			2 E	1 E	4			XL 300	4 3 0	70° / 20° 15° / 30°	5,540 13,846,708
NTG-D	1 M (20)	1 M (20)	1 E	1 M (20)	1 M (20)	1 E	4			XL 300	2 0 4	65° / 20° 15° / 30°	6,030 15,063,328
NTG-H	1 B	1 E		1 ECM	1 B	1 E	4			XL 300	2 2 0	70° / 20° 15° / 30°	n/a
NTG-PRIME	2 E	1 E		1 E	1 B	1 E	4			XL 300	5 1 0	70° / 20° 15° / 30°	5,665 14,152,608
NUMBER SEVEN Hero	1 E	1 E		2 E	1 AMS 1 E	1 E	5			200 - 385 STD 320	6 0 0	100° / 30° 25° / 30°	n/a
NVA-A	1 E	1 AMS 1 E		1 AMS	1 E		5			XL 250	3 0 0	100° / 35° 20° / 30°	3,890 9,722,437
NVA-B	1 E	2 B		1 E	1 B		5			XL 250	2 3 0	100° / 35° 20° / 30°	3,525 8,803,938
NVA-C	1 B	1 M (20)		1 E			5			XL 250	1 1 1	100° / 35° 20° / 30°	3,520 8,799,437
NVA-D	1 B				1 M (20)		5			XL 250	0 1 1	100° / 35° 20° / 30°	3,640 9,090,617
NVA-D(L) Special	1 B				1 M (20)		5			XL 250	0 1 1	100° / 35° 20° / 30°	n/a
NVA-PRIME	6 E				6 E		5			XL 250	12 0 0	100° / 35° 20° / 30°	3,990 9,968,438
NVA-S	3 E	2 B	1 AMS	2 B	3 E		5			XL 250	6 4 0	100° / 35° 20° / 30°	3,750 9,363,437
NVA-S(C) Champion	3 E	1 AMS 1 E	1 AMS	1 AMS	3 E		5			XL 250	7 0 0	100° / 35° 20° / 30°	n/a
ON1-IIC	1 E 1 M (20)	1 AMS 2 M (20x2)		1 B	2 E					150 - 360 STD 300	3 1 3	85° / 20° 20° / 30°	3,080 7,694,819
ON1-IIC-A	1 E 2 M (20x2)	1 AMS 2 M (20x2)		1 B	1 E					150 - 360 STD 300	2 1 4	85° / 20° 20° / 30°	3,140 7,849,879
ON1-IIC-A(C) Champion	1 E 2 M (20x2)	1 AMS 2 M (20x2)		1 B	1 E					150 - 360 XL 360	2 1 4	85° / 20° 20° / 30°	3,925
ON1-IIC-B	2 E 1 M (20)	1 AMS 1 M (20)		1 B	2 E					150 - 360 XL 300	4 1 2	85° / 20° 20° / 30°	4,510 11,265,639
ON1-IIC-C	1 E 1 M (20)	1 AMS 2 M (20x2)		2 B	1 E					150 - 360 XL 300	2 2 3	85° / 20° 20° / 30°	4,515 11,286,759
ON1-K	2 E	1 AMS 2 M (20, 10)		1 B	2 E					150 - 360 STD 300	4 1 2	90° / 20° 20° / 30°	2,605 6,510,685
ON1-K(C) Champion	2 E	1 AMS 2 M (20, 10)		1 B	2 E					150 - 360 STD 300	4 1 2	90° / 20° 20° / 30°	3,260
ON1-M	1 E 1 M (15)	1 AMS 1 M (20)	1 M (6)	1 B	2 E					150 - 360 XL 300	3 1 3	90° / 20° 20° / 30°	4,290 10,715,293
ON1-V	1 E 1 M (15)	1 AMS 1 M (20)		2 B	1 E 1 M (15)					150 - 360 STD 300	2 2 3	90° / 20° 20° / 30°	2,655 6,628,263
ON1-VA	1 E 2 M (15, 10)	1 AMS		1 B	1 E 2 M (15, 10)					150 - 360 STD 300	2 1 4	90° / 20° 20° / 30°	2,500 6,247,565
OSR-1P	2 B	1 AMS 1 M (10)	2 E	1 M (10)	2 B		4			100 - 285 XL 240	2 4 2	110° / 0° 25° / 30°	n/a
OSR-1V	2 M (10x2)	1 AMS 2 E		1 M (10)	2 E		4			100 - 285 XL 240	4 0 3	110° / 0° 25° / 30°	n/a
OSR-1V(C) Champion	2 M (10x2)	1 AMS 2 E		1 M (10)	2 E		4			100 - 285 XL 245	4 0 3	110° / 0° 25° / 30°	n/a
OSR-2V	2 E	1 AMS 1 B	1 E	1 B	2 E		4			100 - 285 XL 240	5 2 0	110° / 0° 25° / 30°	n/a
OSR-3D	1 M (10)	1 AMS 2 B	2 E	1 E	2 E		4			100 - 285 XL 240	5 2 1	110° / 0° 25° / 30°	n/a
OSR-4D		1 AMS	2 E	2 E	2 E		8			100 - 285 XL 240	6 0 0	110° / 0° 25° / 30°	n/a
OXIDE Hero	1 M (10)	1 AMS	2 M (10, 5)		1 M (10)					100 - 300 STD 235	0 0 4	120° / 0° 20° / 30°	2,625
PAKHET Hero	1 E	2 M (10x2)		1 AMS 2 M (10x2)	2 E		5			XL 250	3 0 4	95° / 35° 20° / 20°	4,690
PARALYZER Hero	2 E 1 M (20)	1 E	1 ECM	1 AMS 1 E	2 E 1 M (20)		6			100 - 355 XL 270	6 0 2	110° / 30° 25° / 30°	n/a
PARTISAN Hero	1 B 1 M (20)	1 AMS 2 E		2 E	2 E					150 - 360 STD 300	6 1 1	110° / 10° 20° / 25°	n/a
PIR-1	1 E	1 AMS 6 B	1 E	6 B	1 E					100 - 180 XL 180	3 12 0	100° / 30° 20° / 30°	n/a
PIR-2	1 E	1 AMS 6 E	1 E	6 E	1 E					100 - 180 XL 180	15 0 0	100° / 30° 20° / 30°	n/a
PIR-3	2 E	1 AMS 5 E		5 E	2 E					100 - 180 XL 180	14 0 0	110° / 30° 20° / 30°	n/a
PIR-A	1 E	2 AMS 4 B	1 E	2 AMS 4 B	1 E					100 - 180 XL 180	3 8 0	120° / 30° 25° / 30°	n/a
PIR-B	2 E	1 AMS 2 B	2 E	2 B	2 E					100 - 180 XL 180	6 4 0	120° / 30° 25° / 30°	n/a
PIRATES' BANE Hero		1 ECM 2 E	2 B	1 AMS 2 E						100 - 190 XL 190	4 2 0	120° / 0° 20° / 60°	1,500
PNT-10K		1 AMS	2 M (10, 5)	1 AMS	2 E		8			100 - 250 STD 140	2 0 2	110° / 40° 20° / 30°	1,155 2,878,413
PNT-10K(C) Champion		1 AMS	2 M (10, 5)	1 AMS	2 E		8			100 - 250 XL 235	2 0 2	110° / 40° 20° / 30°	1,445
PNT-10P		1 AMS	2 M (10, 5)		2 B		4			100 - 300 XL 175	0 2 2	110° / 40° 20° / 30°	1,710 4,264,458
PNT-8Z		1 AMS	2 M (10, 5)		3 E		4			100 - 250 STD 140	3 0 2	110° / 40° 20° / 30°	905 2,255,413
PNT-9R		1 AMS	1 M (10)		4 E		4			100 - 250 STD 140	4 0 1	110° / 40° 20° / 30°	985 2,451,413
POWERHOUSE Hero	2 E	1 AMS 2 M (20x2)	1 M (10)	1 B	2 B					130 - 315 XL 260	2 3 3	100° / 20° 20° / 25°	n/a
PRETTY BABY Hero	2 M (4x2)	1 E		1 AMS 1 M (15)	1 E	1 E				160 - 400 XL 340	3 0 3	100° / 40° 20° / 30°	6,000
PRIDE Hero	2 B	1 AMS 1 E			1 E		5			XL 350	2 2 0	80° / 20° 20° / 30°	n/a
PROTECTOR Hero	1 E	1 AMS 1 E 2 M (20, 10)		2 B	1 E					150 - 360 STD 300	3 2 2	90° / 20° 20° / 30°	5,625
PURIFIER Hero	1 B	2 E		2 E	1 B					XL 180	4 2 0	120° / 40° 20° / 30°	n/a
PXH-1	2 B 1 E	1 AMS			1 B 2 E		8			100 - 355 STD 270	3 3 0	110° / 30° 25° / 35°	1,540 3,841,553
PXH-1B	1 B 1 E	1 AMS	1 ECM	1 E	1 B 2 E		6			100 - 355 XL 270	4 2 0	110° / 30° 25° / 35°	3,160 7,895,553
PXH-1K	3 E	1 AMS	2 E		3 E					100 - 355 STD 270	8 0 0	110° / 30° 25° / 35°	1,370 3,413,077
PXH-2	3 E	1 AMS	1 ECM		3 E		6			100 - 355 STD 270	6 0 0	110° / 30° 25° / 35°	1,690 4,224,561
PXH-2(C) Champion	3 E	1 AMS	1 ECM		3 E		6			100 - 355 XL 345	6 0 0	110° / 30° 25° / 35°	n/a
PXH-3S	2 B 1 E	1 AMS			1 AMS 2 E		6			100 - 355 XL 270	3 2 0	110° / 30° 25° / 35°	2,865 7,154,013
QKD-4G	1 E	1 AMS 1 M (10)	1 M (4)	2 E	1 E		7			120 - 360 STD 300	4 0 2	90° / 30° 20° / 35°	2,155 5,377,467
QKD-4G(C) Champion	1 E	1 AMS 1 M (10)	1 M (4)	2 E	1 E		7			120 - 360 STD 310	4 0 2	90° / 30° 20° / 35°	2,695
QKD-4H	1 E	1 AMS 2 M (10, 5)	1 M (4)	2 E	1 E		5			120 - 360 STD 300	4 0 3	90° / 30° 20° / 35°	2,155 5,377,467
QKD-5K	1 E	1 AMS 2 E	1 M (4)	2 E	1 E		5			120 - 360 STD 300	6 0 1	90° / 30° 20° / 35°	2,235 5,578,867
QUARANTINE Hero				1 AMS 2 M (10x2)	1 B 3 E		7			110 - 360 XL 275	3 1 2	125° / 30° 30° / 35°	4,125
RAINBOW CROW Hero	2 E		1 ECM	1 M (20)	1 B					XL 360	2 1 1	135° / 25° 20° / 25°	n/a
RANCOR Hero	2 E	1 E 1 M (20)		1 E 1 M (20)	2 E					XL 360	6 0 2	80° / 20° 20° / 20°	n/a
RAVAGER Hero	1 B 1 E	1 AMS 1 E	1 E	1 B	2 E	1 E				200 - 345 XL 285	6 2 0	95° / 12.5° 20° / 25°	n/a
REAVER Hero	1 B	1 AMS 2 E	1 M (10)	2 E	1 B					130 - 315 XL 260	4 2 1	100° / 20° 20° / 25°	n/a
REDLINE Hero	1 B	2 E		3 E	1 M (20)					XL 390	5 1 1	90° / 20° 25° / 30°	6,095
REVENANT Hero	1 E	2 M (20, 10)	2 E	2 M (20, 10)	1 E					XL 300	4 0 4	95° / 30° 20° / 30°	n/a
RFL-3C	2 B	2 E	1 AMS	2 E	2 B					120 - 290 STD 240	4 4 0	100° / 0° 20° / 50°	1,900 4,741,382
RFL-3N	1 B 1 E	2 E	1 AMS	2 E	1 B 1 E					120 - 290 STD 240	6 2 0	100° / 0° 20° / 50°	1,930 4,823,866
RFL-5D	3 E		2 E	1 AMS	3 E					120 - 290 XL 240	8 0 0	100° / 0° 20° / 50°	3,230 8,074,340
RFL-8D	1 B 2 E		1 AMS		1 B 2 E		4			120 - 290 XL 240	4 2 0	100° / 0° 20° / 50°	n/a
RFL-IIC	3 E		1 AMS		3 E	1 E	3			130 - 235 STD 195	7 0 0	100° / 0° 20° / 50°	n/a
RFL-IIC-2	3 B		1 AMS		3 B		3			130 - 315 STD 260	0 6 0	100° / 0° 20° / 50°	n/a
RFL-IIC-3	2 B 1 E		1 AMS		2 B 1 E		3			130 - 235 STD 195	2 4 0	100° / 0° 20° / 50°	n/a
RFL-IIC-4	1 E 2 M (20x2)		1 AMS		1 E 2 M (20x2)		3			130 - 235 STD 195	2 0 4	100° / 0° 20° / 50°	n/a
RFL-IIC-A	1 B 1 E	1 E	1 AMS	1 E	1 B 1 E					130 - 315 XL 260	4 2 0	100° / 0° 20° / 50°	n/a
RGH-1A	1 B	1 AMS 2 M (20x2)		2 B	1 B	1 E				130 - 315 STD 260	1 4 2	100° / 20° 20° / 25°	5,154,547
RGH-1A(C) Champion	1 B	1 AMS 2 M (20x2)		2 B	1 B	1 E				130 - 315 STD 225	1 4 2	100° / 20° 20° / 25°	n/a
RGH-1B	1 B	1 AMS 2 M (20x2)		1 M (20)	2 B	1 E				130 - 315 STD 260	1 3 3	100° / 20° 20° / 25°	5,193,047
RGH-1C	1 B 1 M (20)	1 AMS 2 M (20x2)		1 B	1 B 1 M (20)					130 - 315 STD 260	0 3 4	100° / 20° 20° / 25°	5,382,615
RGH-2A	1 B	1 AMS 1 M (20)	2 E	1 B	1 B	1 E				130 - 315 XL 260	3 3 1	100° / 20° 20° / 25°	7,858,972
RGH-3A	1 E	1 AMS 2 E		2 E	1 E	1 E				130 - 315 STD 260	7 0 0	100° / 20° 20° / 25°	5,535,547
RIVAL Hero	3 B		1 AMS	1 M (20)	2 E		6			110 - 400 XL 330	2 3 1	125° / 35° 20° / 30°	n/a
ROC Hero	1 B 1 E 2 M (20x2)	1 AMS			1 AMS 2 E		6			100 - 355 XL 270	3 1 2	110° / 30° 25° / 35°	3,375
ROMEO 5000 Hero	2 E	1 AMS 1 M (10)	1 E	1 M (10)	2 E					100 - 170 STD 120	5 0 2	120° / 0° 20° / 60°	n/a
RVN-2X		1 AMS 2 E		1 M (20)	2 E					100 - 275 STD 175	4 0 1	120° / 0° 20° / 30°	990 2,473,658
RVN-3L	1 M (20)	1 ECM 1 AMS		1 E 1 M (10)	2 E					100 - 295 XL 210	3 0 2	120° / 0° 20° / 30°	2,350 5,862,992
RVN-3L(C) Champion	1 M (20)	1 ECM 1 AMS		1 E 1 M (10)	2 E					100 - 295 XL 295	3 0 2	120° / 0° 20° / 30°	2,940
RVN-4X	2 B	1 AMS		1 M (20)	2 E		5			100 - 275 STD 175	2 2 1	120° / 0° 20° / 30°	1,010 2,520,666
SABRE Hero		1 AMS 1 B 1 E	1 M (15)	2 B 1 E	2 M (20x2)					100 - 285 XL 270	2 3 3	110° / 30° 30° / 30°	n/a
SCORCH Hero	1 B 1 E	1 AMS 2 M (20x2)		2 M (20x2)	1 B 1 E					170 - 400 XL 340	2 2 4	70° / 20° 20° / 30°	n/a
SCR-A	4 E	1 M (20)		1 M (20)	1 M (20)					XL 330	4 0 3	130° / 35° 20° / 30°	4,530 11,317,504
SCR-B	1 B				6 E					XL 330	6 1 0	130° / 35° 20° / 30°	4,675 11,685,354
SCR-C	1 B	1 E		1 E	1 E					XL 330	3 1 0	130° / 35° 20° / 30°	4,460 11,139,367
SCR-D	1 M (20)	2 M (20, 15)		1 M (20)	1 M (20)					XL 330	0 0 5	130° / 35° 20° / 30°	4,480 11,187,742
SCR-PRIME	2 E			1 AMS	2 E	1 E				XL 330	5 0 0	130° / 35° 20° / 30°	4,450 11,113,382
SCR-PRIME(C) Champion	2 E	1 E		1 E	1 M (20)	1 E				XL 330	5 0 1	130° / 35° 20° / 30°	5,565
SDR-5D		1 ECM 1 AMS	1 E		2 E		8			100 - 255 STD 240	3 0 0	110° / 40° 20° / 30°	1,015 2,533,540
SDR-5K	2 B	1 AMS	1 E		2 B		6			100 - 285 STD 240	1 4 0	110° / 40° 20° / 30°	985 2,452,540
SDR-5K(C) Champion	2 B	1 AMS	1 E		2 B		6			100 - 285 XL 280	1 4 0	110° / 40° 20° / 30°	1,235
SDR-5V		1 AMS	2 E				12			100 - 285 STD 240	2 0 0	110° / 40° 20° / 30°	1,040 2,598,540
SEKHMET Hero	1 B 1 E	1 AMS 1 E		1 E	1 B 1 E		6			100 - 285 XL 240	4 2 0	110° / 0° 25° / 30°	n/a
SHARD Hero	2 E	1 M (12)		2 B	2 E		6			XL 240	4 2 1	110° / 30° 30° / 30°	n/a
SHC-A	1 E			1 M (20)	1 E		6			XL 270	2 0 1	135° / 20° 20° / 40°	3,940 9,838,177
SHC-B	1 E 1 M (20)	1 ECM			1 E 1 M (20)		6			XL 270	2 0 2	135° / 20° 20° / 40°	4,210 10,514,657
SHC-H		1 M (20)			1 E		6			XL 270	1 0 1	135° / 20° 20° / 40°	n/a
SHC-P	3 B	3 B			1 B		6			XL 270	0 7 0	135° / 20° 20° / 40°	3,585 8,957,177
SHC-PRIME	1 E	1 AMS		1 E	1 B		6			XL 270	2 1 0	135° / 20° 20° / 40°	3,850 9,614,177
SHC-PRIME(C) Champion	1 E	1 ECM		1 E	1 E		6			XL 270	3 0 0	135° / 20° 20° / 40°	4,815
SHD-2D	2 E	1 AMS 1 B	1 M (6)	1 M (10)	1 E	1 M (5)	3			110 - 360 STD 275	3 1 3	90° / 35° 30° / 30°	1,780 4,441,203
SHD-2D2	1 E	1 AMS 1 B	1 M (6)	2 M (10x2)	1 E	1 M (5)	3			110 - 360 STD 275	2 1 4	90° / 35° 30° / 30°	1,790 4,473,235
SHD-2H		1 AMS 3 B		2 M (10x2)	1 E	1 M (5)	3			110 - 360 STD 275	1 3 3	90° / 35° 30° / 30°	1,745 4,356,283
SHD-2H(C) Champion		1 AMS 3 B		2 M (10x2)	1 E	1 M (5)	3			110 - 360 XL 265	1 3 3	90° / 35° 30° / 30°	2,185
SHD-2K		1 AMS 3 E		3 M (10x3)			5			110 - 360 STD 275	3 0 3	90° / 35° 30° / 30°	1,760 4,394,783
SHD-5M		1 AMS 2 B		1 M (10)	2 E	1 M (5)	5			110 - 360 XL 275	2 2 2	90° / 35° 30° / 30°	3,270 8,166,799
SHUGO Hero	2 B	2 M (20x2)		2 M (20x2)	1 AMS 2 B					200 - 290 STD 240	0 4 4	100° / 30° 25° / 30°	n/a
SIREN Hero	3 E	2 B	1 AMS	1 E	1 M (20)		4			190 - 400 XL 380	4 2 1	90° / 20° 20° / 30°	n/a
SKOKOMISH Hero	1 B	1 E 2 M (20x2)	1 E	1 AMS	2 M (20, 15)					160 - 400 XL 320	2 1 4	90° / 20° 20° / 30°	n/a
SKÖLL Hero	1 E	1 AMS 1 E 1 M (20)		1 B	2 E					150 - 360 STD 300	4 1 1	85° / 20° 20° / 30°	n/a
SLEIPNIR Hero	1 E	1 AMS 2 B	1 M (10)	2 B	2 E	1 E				180 - 400 XL 360	4 4 1	80° / 20° 20° / 30°	6,750
SMN-B	2 M (10x2)	1 AMS 1 M (20)			2 M (10x2)		5			XL 350	0 0 5	80° / 20° 20° / 30°	5,630 14,069,481
SMN-C	1 B	1 M (20)			2 E		5			XL 350	2 1 1	80° / 20° 20° / 30°	5,585 13,957,711
SMN-D	2 E	1 AMS 1 B		1 AMS 1 B	2 E		5			XL 350	4 2 0	80° / 20° 20° / 30°	5,560 13,899,241
SMN-F	1 B 1 E	1 M (20)		1 E	1 B 1 E		5			XL 350	3 2 1	80° / 20° 20° / 30°	n/a
SMN-F(L) Special	1 B 1 E	1 M (20)		1 E	1 B 1 E		5			XL 350	3 2 1	80° / 20° 20° / 30°	n/a
SMN-M	1 B	1 E 1 M (20)			1 E		5			XL 350	2 1 1	80° / 20° 20° / 30°	n/a
SMN-M(L) Special	1 B	1 E 1 M (20)			1 E		5			XL 350	2 1 1	80° / 20° 20° / 30°	n/a
SMN-PRIME	1 B	1 M (20)			1 E		5			XL 350	1 1 1	80° / 20° 20° / 30°	5,630 14,071,353
SNS-A	1 E	2 B		2 B	1 E					XL 350	2 4 0	80° / 0° 20° / 30°	n/a
SNS-B	1 E 1 M (20)	1 AMS 1 E		1 B	1 E 1 M (20)					XL 350	3 1 2	80° / 0° 20° / 30°	n/a
SNS-C	2 M (20x2)	1 M (20)		1 M (20)	2 M (20x2)					XL 350	0 0 6	80° / 0° 20° / 30°	n/a
SNS-D	1 B	1 ECM		2 B	1 B					XL 350	0 4 0	80° / 0° 20° / 30°	n/a
SNS-PRIME	2 M (20x2)	1 E		1 B	2 M (20x2)					XL 350	1 1 4	80° / 0° 20° / 30°	n/a
SNV-1	4 E	1 AMS			4 E		3			180 - 325 STD 270	8 0 0	85° / 20° 25° / 30°	n/a
SNV-3	2 E	1 AMS	2 E		2 E	1 E	3			180 - 325 STD 270	7 0 0	85° / 20° 25° / 30°	n/a
SNV-A	2 E	2 M (20x2)	1 AMS	2 M (20x2)	2 E		3			180 - 325 STD 270	4 0 4	85° / 20° 25° / 30°	n/a
SNV-B	3 E	1 AMS	1 E		3 E	1 E	3			180 - 325 STD 270	8 0 0	85° / 20° 25° / 30°	n/a
SNV-C	2 E	2 E	1 AMS	2 E	2 E		3			180 - 325 STD 270	8 0 0	85° / 20° 25° / 30°	n/a
SPARKY Hero	2 E	1 AMS 1 E		1 E	2 E		7			110 - 360 STD 275	6 0 0	130° / 35° 25° / 30°	4,125
SPIRIT BEAR Hero	1 E	3 M (20x3)	1 M (15)	1 AMS 1 B	1 E					200 - 400 XL 400	2 1 4	70° / 30° 20° / 30°	7,500
ST. IVES' BLUES Hero	1 E	2 M (20, 10)		1 AMS	1 E	1 E	5			100 - 250 STD 180	3 0 2	125° / 35° 30° / 30°	3,375
STK-3F	2 E 1 M (10)	1 E 1 M (6)		1 AMS 1 E 1 M (6)	2 E 1 M (10)					80 - 310 STD 255	6 0 4	85° / 0° 20° / 30°	3,050 7,618,480
STK-3F(C) Champion	2 E 1 M (10)	1 E 1 M (6)		1 AMS 1 E 1 M (6)	2 E 1 M (10)					80 - 310 STD 290	6 0 4	85° / 0° 20° / 30°	3,815
STK-3FB	2 E 1 M (20)	1 E	1 ECM	1 AMS 1 E	2 E 1 M (20)					80 - 310 STD 255	6 0 2	85° / 0° 20° / 30°	n/a
STK-3FB(L) Special	2 E 1 M (20)	1 E	1 ECM	1 AMS 1 E	2 E 1 M (20)					80 - 310 STD 255	6 0 2	85° / 0° 20° / 30°	n/a
STK-3H	2 E 1 M (20)	1 M (6)		1 AMS 1 M (6)	2 E 1 M (20)					80 - 310 STD 255	4 0 4	60° / 0° 20° / 30°	3,130 7,818,480
STK-4N	2 E	1 E 1 M (6)		1 AMS 1 E 1 M (6)	2 E 1 M (10)					80 - 310 STD 255	6 0 3	60° / 0° 20° / 30°	2,965 7,412,420
STK-5M	2 E 1 M (10)	2 M (6x2)	1 E	1 AMS 1 M (6)	2 E 1 M (10)					80 - 310 STD 255	5 0 5	60° / 0° 20° / 30°	3,230 8,064,616
STK-5S	2 E 1 M (10)	1 AMS 1 E 1 M (6)		1 AMS 1 E 1 M (6)	2 E 1 M (10)					80 - 310 XL 255	6 0 4	60° / 0° 20° / 30°	4,370 10,921,480
STREET CLEANER Hero	3 E			1 AMS	2 B		6			60 - 210 STD 60	3 2 0	360° / 0° 25° / 30°	n/a
TBR-A	1 E	3 E	1 E	1 M (20)	1 E					XL 375	6 0 1	80° / 25° 20° / 30°	5,910 14,769,027
TBR-C	2 E	1 AMS 1 M (20)	1 E	1 M (20)	1 B					XL 375	3 1 2	80° / 25° 20° / 30°	6,070 15,163,647
TBR-C(C) Champion	2 E	1 E 1 M (20)	1 E	1 B 1 E 2 M (20, 15)	1 B					XL 375	5 2 3	80° / 25° 20° / 30°	7,590
TBR-D	1 E	2 M (20, 15)	1 E	2 M (20, 15)	1 E					XL 375	3 0 4	80° / 25° 20° / 30°	6,075 15,177,027
TBR-PRIME	2 E	1 E 1 M (20)	1 B	1 B 1 M (20)	2 E					XL 375	5 2 2	80° / 25° 20° / 30°	6,075 15,178,647
TBR-S	1 E	1 B 2 M (20, 15)		1 B 1 E 2 M (20, 15)	2 E					XL 375	4 2 4	80° / 25° 20° / 30°	5,910 14,766,027
TBT-3C	1 E 1 M (20)		1 E	1 AMS 1 M (20)	2 E					100 - 390 XL 300	4 0 2	115° / 35° 35° / 40°	3,405 8,503,816
TBT-5J	2 E			1 AMS 1 M (20)	3 E		5			100 - 325 STD 250	5 0 1	115° / 35° 35° / 40°	1,675 4,186,745
TBT-5N	1 E 1 M (20)			1 AMS 1 M (20)	3 E					100 - 325 STD 250	4 0 2	115° / 35° 35° / 40°	1,665 4,161,797
TBT-7K		2 B		1 AMS 2 E	2 M (20, 15)					100 - 325 STD 250	2 2 2	115° / 35° 35° / 40°	1,550 3,867,177
TBT-7M	1 E 1 M (20)	1 M (20)		1 AMS 1 M (20)	2 E		5			100 - 325 XL 250	3 0 3	115° / 35° 35° / 40°	3,050 7,623,797
TBT-7M(C) Champion	1 E 1 M (20)	1 M (20)		1 AMS 1 M (20)	2 E		5			100 - 325 XL 255	3 0 3	115° / 35° 35° / 40°	3,815
TDR-5S	2 B	3 E		1 AMS 2 M (20, 10)	1 E					130 - 315 STD 260	4 2 2	90° / 20° 20° / 30°	2,100 5,241,175
TDR-5SS		3 E 1 M (10)		1 AMS 2 E	2 E					130 - 315 STD 260	7 0 1	90° / 20° 20° / 30°	2,080 5,188,055
TDR-9S	2 B	1 AMS 3 E 2 M (10)		1 AMS 2 E	1 E					130 - 315 STD 260	6 2 2	80° / 20° 20° / 30°	2,390 5,964,933
TDR-9SE		3 E 2 M (10x2)		1 AMS	2 E		4			130 - 315 STD 260	5 0 2	90° / 20° 20° / 30°	2,335 5,835,993
TDR-9SE(C) Champion		3 E 2 M (10x2)		1 AMS	2 E		4			130 - 315 STD 290	5 0 2	90° / 20° 20° / 30°	2,865
TEMPEST Hero	2 E	1 ECM 1 M (20)	2 E 1 M (10)	1 AMS 1 M (20)	2 E					140 - 340 STD 280	6 0 3	100° / 20° 25° / 30°	5,250
TNS-4P	2 B	1 ECM 2 E		1 AMS 2 E	1 M (20)		5			150 - 360 XL 300	4 2 1	110° / 10° 20° / 30°	n/a
TNS-4S	2 E	1 ECM 1 E		1 AMS 1 E	2 M (20x2)		5			150 - 400 XL 375	4 0 2	105° / 20° 20° / 30°	n/a
TNS-5P	1 B 1 M (20)	1 ECM 1 M (20)		1 AMS 1 M (20)	3 E		5			150 - 360 STD 300	3 1 3	110° / 20° 20° / 30°	n/a
TNS-5S	2 E	1 ECM 1 B		1 AMS 1 B	2 M (20x2)		5			150 - 360 XL 300	2 2 2	110° / 20° 20° / 30°	n/a
TNS-5T	2 M (20x2)	1 ECM 1 M (20)		1 AMS 1 M (20)	2 M (20x2)		5			150 - 360 STD 300	0 0 6	110° / 20° 20° / 30°	n/a
TOP DOG Hero		4 E		1 AMS 4 E	1 E					130 - 315 STD 260	9 0 0	80° / 20° 20° / 30°	4,875
ULTRAVIOLET Hero	2 B	2 E	1 M (15)	2 E	2 B					XL 300	4 4 1	60° / 30° 20° / 30°	n/a
UM-R60	2 E			1 AMS	4 B		4			60 - 180 STD 60	2 4 0	360° / 0° 25° / 30°	625 1,560,113
UM-R60L	4 E			1 AMS	2 B		4			60 - 180 STD 60	4 2 0	360° / 0° 25° / 30°	700 1,744,084
UM-R63	1 E	2 E		1 AMS	3 B		4			60 - 180 STD 60	3 3 0	360° / 0° 25° / 30°	805 2,006,108
UM-R68	2 E	1 E		1 AMS	2 M (20x2)		4			60 - 180 STD 60	3 0 2	360° / 0° 25° / 30°	n/a
UM-R68(L) Special	2 E	1 E		1 AMS	2 M (20x2)		4			60 - 180 STD 60	3 0 2	360° / 0° 25° / 30°	n/a
UZL-2S	2 E	1 B	1 M (10)	1 AMS 1 B	1 E		6			100 - 390 XL 300	3 2 1	125° / 40° 35° / 35°	n/a
UZL-3P	1 B	1 E	1 M (10)	1 AMS 1 E	2 B		6			100 - 390 XL 300	2 3 1	125° / 40° 35° / 35°	n/a
UZL-3P(C) Champion	1 B	1 E	1 M (10)	1 AMS 1 E	2 B		6			100 - 390 STD 250	2 3 1	125° / 40° 35° / 35°	n/a
UZL-3S	1 E	1 E	1 M (10)	1 AMS 1 E	1 B 1 E		6			100 - 390 XL 300	4 1 1	125° / 40° 35° / 35°	n/a
UZL-5P	1 E	1 M (20)	1 E	1 AMS 1 M (20)	2 B		6			100 - 390 XL 300	2 2 2	125° / 40° 35° / 35°	n/a
UZL-6P	2 E	1 E		1 AMS 1 E	2 E		6			100 - 325 XL 250	6 0 0	125° / 40° 35° / 35°	n/a
VANGUARD Hero	1 M (20)	1 B 1 E		1 B	2 M (20x2)					XL 350	1 2 3	80° / 0° 20° / 30°	n/a
VGL-1	3 B	1 B 1 E 1 M (20)	1 AMS	2 E 1 M (20)	1 E		6			110 - 400 XL 330	4 4 2	125° / 35° 20° / 30°	n/a
VGL-2	3 B	2 B	1 AMS	1 E	1 E		6			110 - 400 XL 330	2 5 0	125° / 35° 20° / 30°	n/a
VGL-3	1 M (20)	1 E 1 M (20)	1 AMS	2 E 1 M (20)	1 E		6			110 - 400 XL 330	4 0 3	125° / 35° 20° / 30°	n/a
VGL-4	3 E	1 M (20)	1 AMS	1 M (20)	4 E					110 - 400 XL 330	7 0 2	125° / 35° 20° / 30°	n/a
VGL-A	2 M (20x2)	1 B 1 E	1 AMS	1 E	2 M (20x2)		6			110 - 400 XL 330	2 1 4	125° / 35° 20° / 30°	n/a
VIRAGO Hero	2 E	2 E		2 E	2 M (20x2)					XL 325	6 0 2	90° / 20° 20° / 30°	n/a
VL-2T	1 B	2 E	1 AMS	2 B	1 E		6			100 - 315 STD 240	3 3 0	130° / 45° 30° / 45°	n/a
VL-5T	1 B	1 E	1 AMS	3 E	1 E		6			100 - 315 STD 240	5 1 0	130° / 45° 30° / 45°	n/a
VND-1AA	1 E	1 AMS 1 M (20)		1 AMS	2 E	1 E	6			100 - 295 STD 225	4 0 1	125° / 35° 30° / 30°	1,480 3,693,024
VND-1AA(C) Champion	1 E	1 AMS 1 M (20)		1 AMS	2 E	1 E	6			100 - 295 XL 295	4 0 1	125° / 35° 30° / 30°	1,850
VND-1R	2 E	1 M (20)		1 AMS	2 E	1 E	4			100 - 235 STD 180	5 0 1	125° / 35° 30° / 30°	1,360 3,394,029
VND-1X	3 B	1 M (20)		1 AMS	1 E	1 E	4			100 - 235 STD 180	2 3 1	125° / 35° 30° / 30°	1,360 3,388,529
VOID Hero	1 B	2 E		1 AMS 1 B 1 M (20)	3 E					120 - 360 XL 300	5 2 1	85° / 20° 20° / 30°	n/a
VPR-A	1 M (10)	2 E		2 E	1 E		8			XL 320	5 0 1	130° / 30° 20° / 30°	4,020 10,046,887
VPR-B	1 E	1 E		1 E	1 E		8			XL 320	4 0 0	130° / 30° 20° / 30°	3,845 9,611,887
VPR-C	2 E	2 B	1 E	2 B	2 E		8			XL 320	5 4 0	130° / 30° 20° / 30°	3,900 9,743,887
VPR-D	1 M (10)	1 E		1 M (15)	2 E		8			XL 320	3 0 2	130° / 30° 20° / 30°	3,865 9,659,447
VPR-PRIME	1 M (10)	1 AMS		2 B	2 E		8			XL 320	2 2 1	130° / 30° 20° / 30°	3,820 9,542,887
VT-5M	2 B	1 E	1 AMS	2 E	1 E		6			100 - 315 STD 240	4 2 0	130° / 45° 30° / 45°	n/a
VT-5S	1 B	2 E	1 AMS	2 B	1 E		6			100 - 315 XL 240	3 3 0	130° / 45° 30° / 45°	n/a
VT-6M	2 B	1 E	1 AMS	2 B	1 E		6			100 - 315 XL 240	2 4 0	130° / 45° 30° / 45°	n/a
VTR-9A1	3 E	1 B 1 M (20)		1 AMS 1 B	1 B		4			160 - 385 STD 320	3 3 1	90° / 10° 20° / 30°	n/a
VTR-9A1(L) Special	3 E	1 B 1 M (20)		1 AMS 1 B	1 B		4			160 - 385 STD 320	3 3 1	90° / 10° 20° / 30°	n/a
VTR-9B	2 E	2 M (10, 5)		1 AMS	3 B		4			160 - 385 STD 320	2 3 2	90° / 10° 20° / 30°	2,965 7,410,423
VTR-9K	3 E	2 M (10, 5)		1 AMS	1 B		6			160 - 385 STD 320	3 1 2	90° / 20° 20° / 30°	3,085 7,710,430
VTR-9S	2 E	3 M (10, 5, 2)		1 AMS	2 B		4			160 - 385 STD 320	2 2 3	90° / 10° 20° / 30°	2,980 7,440,407
VTR-9S(C) Champion	2 E	3 M (10, 5, 2)		1 AMS	2 B		4			160 - 385 XL 340	2 2 3	90° / 10° 20° / 30°	3,725
WARRANT Hero	1 B	1 E 1 M (20)		1 E 1 M (20)	2 E					XL 375	4 1 2	80° / 25° 20° / 30°	n/a
WHK-A	2 E 1 M (20)			1 M (20)	1 B					XL 340	2 1 2	90° / 20° 20° / 30°	6,330 15,816,221
WHK-B	1 B 1 E		1 M (15)	2 M (20, 15)	3 E					XL 340	4 1 3	90° / 20° 20° / 30°	6,125 15,311,701
WHK-C	2 E		1 E		2 E					XL 340	5 0 0	90° / 20° 20° / 30°	6,190 15,473,201
WHK-C(C) Champion	1 B 1 E		1 E		3 E					XL 340	5 1 0	90° / 20° 20° / 30°	7,740
WHK-PRIME	2 E 1 M (20)			1 AMS	2 E					XL 340	4 0 1	90° / 20° 20° / 30°	6,465 16,152,261
WHM-4L	2 E	1 AMS 1 E	1 ECM	1 M (20)	2 E	1 E				140 - 340 XL 280	6 0 1	110° / 25° 25° / 25°	n/a
WHM-6D	2 E	3 E	1 AMS	2 E	2 E					140 - 340 STD 280	9 0 0	110° / 25° 25° / 25°	2,350 5,871,629
WHM-6D(C) Champion	2 E	3 E	1 AMS	2 E	2 E					140 - 340 STD 300	9 0 0	110° / 25° 25° / 25°	n/a
WHM-6R	1 E	1 B 2 E	1 AMS	1 B 2 E 1 M (20)	1 E					140 - 340 STD 280	6 2 1	110° / 25° 25° / 25°	2,415 6,036,947
WHM-7S	1 E	2 E 1 M (20)	1 AMS	2 E 2 M (20x2)	1 E					140 - 340 STD 280	6 0 3	110° / 25° 25° / 25°	2,595 6,485,947
WHM-IIC	1 E	2 E	1 AMS	2 E 1 M (20)	1 E	1 E				160 - 385 STD 320	7 0 1	75° / 30° 20° / 30°	n/a
WHM-IIC-10	2 E	2 M (20x2)	1 AMS	1 M (20)	2 E	1 E				160 - 385 STD 320	5 0 3	75° / 0° 20° / 30°	n/a
WHM-IIC-2	1 E	2 M (20x2)	1 AMS	3 M (20x3)	1 E					160 - 385 STD 320	2 0 5	75° / 30° 20° / 30°	n/a
WHM-IIC-3	1 E	2 E	1 AMS	2 E	1 E	1 E				160 - 385 STD 320	7 0 0	75° / 30° 20° / 30°	n/a
WHM-IIC-4	2 E	2 M (20x2)	1 AMS	2 M (20x2)	1 E	1 E				160 - 385 STD 320	4 0 4	75° / 30° 20° / 30°	n/a
WHM-IIC-A	1 B	1 E 2 M (20x2)	1 AMS 1 E	1 E 1 M (20)	1 B					160 - 385 STD 320	3 2 3	75° / 30° 20° / 30°	n/a
WLF-1		1 AMS 1 E	2 E	1 E	1 E					100 - 315 STD 210	5 0 0	110° / 40° 25° / 25°	1,070 2,670,748
WLF-1(C) Champion		1 AMS 1 E	2 E	1 E	1 E					100 - 315 XL 295	5 0 0	110° / 40° 25° / 25°	n/a
WLF-1A		1 AMS 2 E	1 E	2 E	1 E					100 - 295 STD 210	6 0 0	110° / 40° 25° / 25°	1,040 2,594,748
WLF-1B		1 AMS 1 E	2 E	1 AMS 1 E	1 E					100 - 295 STD 210	5 0 0	110° / 40° 25° / 25°	1,070 2,670,748
WLF-2		1 AMS 1 E	2 E	1 E	2 E					100 - 295 STD 210	6 0 0	110° / 40° 25° / 25°	1,155 2,886,748
WOLF PHOENIX Hero	2 E	1 AMS 2 M (20x2)		2 M (20x2)	2 E					190 - 345 STD 285	4 0 4	95° / 30° 25° / 30°	n/a
WRATH Hero	1 E 1 M (20)	1 AMS 2 E 2 M (20x2)	1 ECM	1 B	1 E 1 M (20)	1 E				200 - 325 STD 300	5 1 4	100° / 0° 20° / 30°	n/a
WVR-6K		1 M (10)		1 AMS	4 E	1 E				110 - 375 STD 275	5 0 1	125° / 30° 30° / 35°	1,715 4,281,255
WVR-6K(C) Champion		1 M (10)		1 AMS	4 E	1 E				110 - 375 XL 340	5 0 1	125° / 30° 30° / 35°	2,145
WVR-6R		3 M (10x3)		1 AMS	2 B	1 E	7			110 - 360 STD 275	1 2 3	110° / 40° 25° / 25°	1,825 4,558,223
WVR-7D		2 M (10x2)		1 AMS	2 B	1 E	5			110 - 360 XL 275	1 2 2	125° / 30° 30° / 35°	3,170 7,916,335
WVR-7D(L) Special		2 M (10x2)		1 AMS	2 B	1 E	5			110 - 360 XL 275	1 2 2	125° / 30° 30° / 35°	n/a
WVR-7K		2 M (10x2)		1 AMS 1 M (10)	2 E	1 E	7			110 - 360 XL 275	3 0 3	125° / 30° 30° / 35°	3,005 7,506,381
X-5 Hero	1 E	1 E 1 M (20)		1 E 1 M (20)	1 E					100 - 340 XL 330	4 0 2	125° / 0° 30° / 30°	3,000
YEN-LO-WANG Hero			2 E	1 AMS	2 B					100 - 300 STD 215	2 2 0	120° / 0° 25° / 35°	3,750
ZEU-5S	1 B	2 E	1 E	1 AMS	3 M (20, 15x2)					160 - 390 STD 320	3 1 3	90° / 20° 20° / 30°	2,985 7,461,534
ZEU-6S	2 B	3 E	1 E	1 AMS	1 M (20)					160 - 390 STD 320	4 2 1	90° / 20° 20° / 30°	2,780 6,947,974
ZEU-6T	1 E	2 E	1 E	1 AMS	3 M (20, 15x2)					160 - 390 STD 320	4 0 3	90° / 20° 20° / 30°	2,845 7,101,474
ZEU-6T(C) Champion	1 E	2 E	1 E	1 AMS	3 M (20, 15x2)					160 - 390 XL 380	4 0 3	90° / 20° 20° / 30°	3,560
ZEU-9S	3 E	2 E	1 E	1 AMS	1 M (20)					160 - 390 STD 320	6 0 1	90° / 20° 20° / 30°	3,135 7,834,142
ZEU-9S2	2 B	2 E		1 AMS	3 M (20, 15x2)					160 - 390 XL 320	2 2 3	90° / 20° 20° / 30°	4,515 11,278,322
ZEU-9S2(L) Special	2 B	2 E		1 AMS	3 M (20, 15x2)					160 - 390 XL 320	2 2 3	90° / 20° 20° / 30°	n/a
